Workbook

Sheet SONDAGEM CLASSE P
A1: CÁLCULO DE SONDAGEM REBOCADORES CLASSE P
A2: TANQUE | B2: SONDAGEM(MM) | C2: CAPACIDADE(LTS) | D2: VOLUME T ZERO | E2: VOLUME T 5º | F2: %
A3: DIARIO BB | B3: 2000 | C3: 10355 | D3: ='DIARIO BB T0'!E2 -> 7959 | E3: ='TANQUE DIARIO BB T5'!E2 -> 7710 | F3: =D3/C3 -> 0.7686142
A4: DIARIO BE | B4: 2000 | C4: 10355 | D4: ='DIARIO BE T0'!E2 -> 7959 | E4: ='TANQUE DIARIO BE T5'!E2 -> 7710 | F4: =D4/C4 -> 0.7686142
A5: DUPLO FUNDO BB | B5: 1000 | C5: 8300 | D5: ='TANQUE DF BB T0 '!E2 -> 5724 | E5: ='TQ DF BB T5'!E2 -> 5164 | F5: =D5/C5 -> 0.68963855
A6: DUPLO FUNDO BE | B6: 1000 | C6: 8300 | D6: ='TANQUE DF BE T0 '!E2 -> 5724 | E6: ='TQ DF BE T5'!E2 -> 5164 | F6: =D6/C6 -> 0.68963855
A7: DUPLO FUNDO CENTRAL | B7: 1000 | C7: 39286 | D7: ='TANQUE DF CENTRAL T0'!E2 -> 26371 | E7: ='TQ DF CENTRAL T5'!E2 -> 28936 | F7: =D7/C7 -> 0.67125694
A8: TOTAL | C8: =SUM(C3:C7) -> 76596 | D8: =SUM(D3:D7) -> 53737 | E8: =SUM(E3:E7) -> 54684 | F8: =SUM(F3:F7)/5 -> 0.71755249

Sheet DIARIO BB T0
A1: Snding | B1: LITERS | D1: SONDAGEM | E1: ='SONDAGEM CLASSE P'!B3 -> 2000
A2: 0 | B2: 263 | D2: VOLUME | E2: =FORECAST(E1,OFFSET(B2:B160,MATCH(E1,A2:A160,1)-1,0,2),OFFSET(A2:A160,MATCH(E1,A2:A160,1)-1,0,2)) -> 7959
A3: 20 | B3: 338
A4: 40 | B4: 414
A5: 60 | B5: 489
A6: 80 | B6: 565
A7: 100 | B7: 640
A8: 120 | B8: 716
A9: 140 | B9: 792
A10: 160 | B10: 868
A11: 180 | B11: 943
A12: 200 | B12: 1019
A13: 220 | B13: 1095
A14: 240 | B14: 1171
... A136: 2677 | B136: 10355

Sheet DIARIO BE T0
A1: Snding | B1: LITERS | D1: SONDAGEM | E1: ='SONDAGEM CLASSE P'!B4 -> 2000
A2: 0 | B2: 263 | D2: VOLUME | E2: =FORECAST(E1,OFFSET(B2:B160,MATCH(E1,A2:A160,1)-1,0,2),OFFSET(A2:A160,MATCH(E1,A2:A160,1)-1,0,2)) -> 7959
A3: 20 | B3: 338
A4: 40 | B4: 414
A5: 60 | B5: 489
A6: 80 | B6: 565
A7: 100 | B7: 640
A8: 120 | B8: 716
A9: 140 | B9: 792
A10: 160 | B10: 868
A11: 180 | B11: 943
A12: 200 | B12: 1019
A13: 220 | B13: 1095
A14: 240 | B14: 1171
... A136: 2677 | B136: 10355

Sheet TANQUE DF BB T0 
A1: Snding | B1: LITERS | D1: SONDAGEM | E1: ='SONDAGEM CLASSE P'!B5 -> 1000
A2: 0 | B2: 15 | D2: VOLUME | E2: =FORECAST(E1,OFFSET(B2:B160,MATCH(E1,A2:A160,1)-1,0,2),OFFSET(A2:A160,MATCH(E1,A2:A160,1)-1,0,2)) -> 5724
A3: 20 | B3: 25
A4: 40 | B4: 39
A5: 60 | B5: 56
A6: 80 | B6: 79
A7: 100 | B7: 107
A8: 120 | B8: 136
A9: 140 | B9: 168
A10: 160 | B10: 205
A11: 180 | B11: 247
A12: 200 | B12: 295
A13: 220 | B13: 350
A14: 240 | B14: 413
... A67: 1291 | B67: 8300

Sheet TANQUE DF BE T0 
A1: Snding | B1: LITERS | D1: SONDAGEM | E1: ='SONDAGEM CLASSE P'!B6 -> 1000
A2: 0 | B2: 15 | D2: VOLUME | E2: =FORECAST(E1,OFFSET(B2:B160,MATCH(E1,A2:A160,1)-1,0,2),OFFSET(A2:A160,MATCH(E1,A2:A160,1)-1,0,2)) -> 5724
A3: 20 | B3: 25
A4: 40 | B4: 39
A5: 60 | B5: 56
A6: 80 | B6: 79
A7: 100 | B7: 107
A8: 120 | B8: 136
A9: 140 | B9: 168
A10: 160 | B10: 205
A11: 180 | B11: 247
A12: 200 | B12: 295
A13: 220 | B13: 350
A14: 240 | B14: 413
... A67: 1291 | B67: 8300

Sheet TANQUE DF CENTRAL T0
A1: Snding | B1: LITERS | D1: SONDAGEM | E1: ='SONDAGEM CLASSE P'!B7 -> 1000
A2: 0 | B2: 413 | D2: VOLUME | E2: =FORECAST(E1,OFFSET(B2:B160,MATCH(E1,A2:A160,1)-1,0,2),OFFSET(A2:A160,MATCH(E1,A2:A160,1)-1,0,2)) -> 26371
A3: 20 | B3: 639
A4: 40 | B4: 906
A5: 60 | B5: 1218
A6: 80 | B6: 1576
A7: 100 | B7: 1979
A8: 120 | B8: 2425
A9: 140 | B9: 2908
A10: 160 | B10: 3415
A11: 180 | B11: 3938
A12: 200 | B12: 4471
A13: 220 | B13: 5010
A14: 240 | B14: 5552
... A76: 1474 | B76: 39286

Sheet TANQUE DIARIO BB T5
A1: Snding | B1: LITERS | D1: SONDAGEM | E1: ='SONDAGEM CLASSE P'!B3 -> 2000
A2: 0 | B2: 91 | D2: VOLUME | E2: =FORECAST(E1,OFFSET(B2:B160,MATCH(E1,A2:A160,1)-1,0,2),OFFSET(A2:A160,MATCH(E1,A2:A160,1)-1,0,2)) -> 7710
A3: 20 | B3: 137
A4: 40 | B4: 192
A5: 60 | B5: 257
A6: 80 | B6: 330
A7: 100 | B7: 405
A8: 120 | B8: 481
A9: 140 | B9: 556
A10: 160 | B10: 631
A11: 180 | B11: 707
A12: 200 | B12: 783
A13: 220 | B13: 859
A14: 240 | B14: 934
... A140: 2760 | B140: 10355

Sheet TANQUE DIARIO BE T5
A1: Snding | B1: LITERS | D1: SONDAGEM | E1: ='SONDAGEM CLASSE P'!B4 -> 2000
A2: 0 | B2: 91 | D2: VOLUME | E2: =FORECAST(E1,OFFSET(B2:B160,MATCH(E1,A2:A160,1)-1,0,2),OFFSET(A2:A160,MATCH(E1,A2:A160,1)-1,0,2)) -> 7710
A3: 20 | B3: 137
A4: 40 | B4: 192
A5: 60 | B5: 257
A6: 80 | B6: 330
A7: 100 | B7: 405
A8: 120 | B8: 481
A9: 140 | B9: 556
A10: 160 | B10: 631
A11: 180 | B11: 707
A12: 200 | B12: 783
A13: 220 | B13: 859
A14: 240 | B14: 934
... A140: 2760 | B140: 10355

Sheet TQ DF BB T5
A1: Snding | B1: LITERS | D1: SONDAGEM | E1: ='SONDAGEM CLASSE P'!B5 -> 1000
A2: 0 | B2: 14 | D2: VOLUME | E2: =FORECAST(E1,OFFSET(B2:B160,MATCH(E1,A2:A160,1)-1,0,2),OFFSET(A2:A160,MATCH(E1,A2:A160,1)-1,0,2)) -> 5164
A3: 20 | B3: 22
A4: 40 | B4: 32
A5: 60 | B5: 45
A6: 80 | B6: 62
A7: 100 | B7: 82
A8: 120 | B8: 107
A9: 140 | B9: 136
A10: 160 | B10: 170
A11: 180 | B11: 209
A12: 200 | B12: 249
A13: 220 | B13: 289
A14: 240 | B14: 333
... A74: 1440 | B74: 8300

Sheet TQ DF BE T5
A1: Snding | B1: LITERS | D1: SONDAGEM | E1: ='SONDAGEM CLASSE P'!B6 -> 1000
A2: 0 | B2: 14 | D2: VOLUME | E2: =FORECAST(E1,OFFSET(B2:B160,MATCH(E1,A2:A160,1)-1,0,2),OFFSET(A2:A160,MATCH(E1,A2:A160,1)-1,0,2)) -> 5164
A3: 20 | B3: 22
A4: 40 | B4: 32
A5: 60 | B5: 45
A6: 80 | B6: 62
A7: 100 | B7: 82
A8: 120 | B8: 107
A9: 140 | B9: 136
A10: 160 | B10: 170
A11: 180 | B11: 209
A12: 200 | B12: 249
A13: 220 | B13: 289
A14: 240 | B14: 333
... A74: 1440 | B74: 8300

Sheet TQ DF CENTRAL T5
A1: Snding | B1: LITERS | D1: SONDAGEM | E1: ='SONDAGEM CLASSE P'!B7 -> 1000
A2: 0 | B2: 3312 | D2: VOLUME | E2: =FORECAST(E1,OFFSET(B2:B160,MATCH(E1,A2:A160,1)-1,0,2),OFFSET(A2:A160,MATCH(E1,A2:A160,1)-1,0,2)) -> 28936
A3: 20 | B3: 3662
A4: 40 | B4: 4028
A5: 60 | B5: 4406
A6: 80 | B6: 4801
A7: 100 | B7: 5209
A8: 120 | B8: 5630
A9: 140 | B9: 6067
A10: 160 | B10: 6517
A11: 180 | B11: 6975
A12: 200 | B12: 7438
A13: 220 | B13: 7912
A14: 240 | B14: 8395
... A87: 1697 | B87: 39286
