Workbook

Sheet SONDAGEM TANQUES CLASSE C
A1: SONDAGEM CLASSE C - REBOCADOR CANINDÉ | D1: VOLUME (lts)
A2: TANQUE | B2: DESCRIÇÃO | C2: SONDAGEM (mm) | D2: CAPACIDADE | E2: TRIM 0 | F2: % | G2: TRIM 50 | H2: %
A3: DIARIO BB | B3: FODAY.P | C3: 2500 | D3: =FODAY.P!B31 -> 22623 | E3: =FODAY.P!E2 -> 20062 | F3: =E3/D3 -> 0.88679662 | G3: ='FODAY.P 50'!E2 -> 20077 | H3: =G3/D3 -> 0.88745966
A4: DIARIO BE | B4: FODAY.S | C4: 2500 | D4: =FODAY.S!B31 -> 22623 | E4: =FODAY.S!E2 -> 20062 | F4: =E4/D4 -> 0.88679662 | G4: ='FODAY.S 50'!E2 -> 20077 | H4: =G4/D4 -> 0.88745966
A5: LATERAL BB | B5: FO_AFT.P | C5: 2200 | D5: =FO_AFT.P!B25 -> 21254 | E5: =FO_AFT.P!E2 -> 20524 | F5: =E5/D5 -> 0.96565352 | G5: ='FO_AFT.P 50'!E2 -> 20986 | H5: =G5/D5 -> 0.98739061
A6: LATERAL BE | B6: FO_AFT.S | C6: 2200 | D6: =FO_AFT.S!B25 -> 21254 | E6: =FO_AFT.S!E2 -> 20524 | F6: =E6/D6 -> 0.96565352 | G6: ='FO_AFT.S 50'!E2 -> 18007 | H6: =G6/D6 -> 0.84722876
A7: DUPLO FUNDO BB | B7: FO_DB.P | C7: 2200 | D7: =FO_DB.P!B37 -> 30231 | E7: =FO_DB.P!E2 -> 19828.45 | F7: =E7/D7 -> 0.65589792 | G7: ='FO_DB.P 50'!E2 -> 12000 | H7: =G7/D7 -> 0.39694353
A8: DUPLO FUNDO CENTRAL | B8: FO_DB.C | C8: 2200 | D8: =FO_DB.C!B26 -> 44451 | E8: =FO_DB.C!E2 -> 39924 | F8: =E8/D8 -> 0.89815752 | G8: ='FO_DB.C 50'!E2 -> 39479 | H8: =G8/D8 -> 0.8881465
A9: DUPLO FUNDO BE | B9: FO_DB.S | C9: 3200 | D9: =FO_DB.S!B37 -> 34110 | E9: =FO_DB.S!E2 -> 26584 | F9: =E9/D9 -> 0.77936089 | G9: ='FO_DB.S 50'!E2 -> 26946 | H9: =G9/D9 -> 0.78997361
A10: TOTAL | D10: =SUM(D3:D9) -> 196546 | E10: =SUM(E3:E9) -> 167508.45 | F10: =E10/D10 -> 0.85226079 | G10: =SUM(G3:G9) -> 157572 | H10: =G10/D10 -> 0.80170545

Sheet FODAY.P
A1: Snding | B1: LITERS | D1: SONDAGEM | E1: ='SONDAGEM TANQUES CLASSE C'!C3 -> 2500
A2: 0 | B2: 132 | D2: VOLUME | E2: =FORECAST(E1,OFFSET(B2:B100,MATCH(E1,A2:A100,1)-1,0,2),OFFSET(A2:A100,MATCH(E1,A2:A100,1)-1,0,2)) -> 20062
A3: 100 | B3: 908
A4: 200 | B4: 1686
A5: 300 | B5: 2466
A6: 400 | B6: 3247
A7: 500 | B7: 4031
A8: 600 | B8: 4816
A9: 700 | B9: 5603
A10: 800 | B10: 6392
A11: 900 | B11: 7182
A12: 1000 | B12: 7975
A13: 1100 | B13: 8769
A14: 1200 | B14: 9565
... A31: 2900 | B31: 22623

Sheet FODAY.S
A1: Snding | B1: LITERS | D1: SONDAGEM | E1: ='SONDAGEM TANQUES CLASSE C'!C4 -> 2500
A2: 0 | B2: 132 | D2: VOLUME | E2: =FORECAST(E1,OFFSET(B2:B100,MATCH(E1,A2:A100,1)-1,0,2),OFFSET(A2:A100,MATCH(E1,A2:A100,1)-1,0,2)) -> 20062
A3: 100 | B3: 908
A4: 200 | B4: 1686
A5: 300 | B5: 2466
A6: 400 | B6: 3247
A7: 500 | B7: 4031
A8: 600 | B8: 4816
A9: 700 | B9: 5603
A10: 800 | B10: 6392
A11: 900 | B11: 7182
A12: 1000 | B12: 7975
A13: 1100 | B13: 8769
A14: 1200 | B14: 9565
... A31: 2900 | B31: 22623

Sheet FO_AFT.P
A1: Snding | B1: LITERS | D1: SONDAGEM | E1: ='SONDAGEM TANQUES CLASSE C'!C5 -> 2200
A2: 0 | B2: 4 | D2: VOLUME | E2: =FORECAST(E1,OFFSET(B2:B100,MATCH(E1,A2:A100,1)-1,0,2),OFFSET(A2:A100,MATCH(E1,A2:A100,1)-1,0,2)) -> 20524
A3: 100 | B3: 25
A4: 200 | B4: 68
A5: 300 | B5: 143
A6: 400 | B6: 256
A7: 500 | B7: 418
A8: 600 | B8: 642
A9: 700 | B9: 964
A10: 800 | B10: 1414
A11: 900 | B11: 2022
A12: 1000 | B12: 2816
A13: 1100 | B13: 3792
A14: 1200 | B14: 4934
... A25: 2245 | B25: 21254

Sheet FO_AFT.S
A1: Snding | B1: LITERS | D1: SONDAGEM | E1: ='SONDAGEM TANQUES CLASSE C'!C6 -> 2200
A2: 0 | B2: 4 | D2: VOLUME | E2: =FORECAST(E1,OFFSET(B2:B100,MATCH(E1,A2:A100,1)-1,0,2),OFFSET(A2:A100,MATCH(E1,A2:A100,1)-1,0,2)) -> 20524
A3: 100 | B3: 25
A4: 200 | B4: 68
A5: 300 | B5: 143
A6: 400 | B6: 256
A7: 500 | B7: 418
A8: 600 | B8: 642
A9: 700 | B9: 964
A10: 800 | B10: 1414
A11: 900 | B11: 2022
A12: 1000 | B12: 2816
A13: 1100 | B13: 3792
A14: 1200 | B14: 4934
... A25: 2245 | B25: 21254

Sheet FO_DB.P
A1: Snding | B1: LITERS | D1: SONDAGEM | E1: 3005
A2: 0 | B2: 39 | D2: VOLUME | E2: =FORECAST(E1,OFFSET(B2:B100,MATCH(E1,A2:A100,1)-1,0,2),OFFSET(A2:A100,MATCH(E1,A2:A100,1)-1,0,2)) -> 19828.45
A3: 100 | B3: 115
A4: 200 | B4: 243
A5: 300 | B5: 427
A6: 400 | B6: 670
A7: 500 | B7: 971
A8: 600 | B8: 1326
A9: 700 | B9: 1737
A10: 800 | B10: 2203
A11: 900 | B11: 2724
A12: 1000 | B12: 3300
A13: 1100 | B13: 3920
A14: 1200 | B14: 4570
... A37: 3485 | B37: 30231

Sheet FO_DB.C
A1: Snding | B1: LITERS | D1: SONDAGEM | E1: ='SONDAGEM TANQUES CLASSE C'!C8 -> 2200
A2: 0 | B2: 0 | D2: VOLUME | E2: =FORECAST(E1,OFFSET(B2:B100,MATCH(E1,A2:A100,1)-1,0,2),OFFSET(A2:A100,MATCH(E1,A2:A100,1)-1,0,2)) -> 39924
A3: 100 | B3: 215
A4: 200 | B4: 731
A5: 300 | B5: 1533
A6: 400 | B6: 2641
A7: 500 | B7: 4035
A8: 600 | B8: 5573
A9: 700 | B9: 7162
A10: 800 | B10: 8772
A11: 900 | B11: 10398
A12: 1000 | B12: 12137
A13: 1100 | B13: 14022
A14: 1200 | B14: 16066
... A26: 2400 | B26: 44451

Sheet FO_DB.S
A1: Snding | B1: LITERS | D1: SONDAGEM | E1: ='SONDAGEM TANQUES CLASSE C'!C9 -> 3200
A2: 0 | B2: 39 | D2: VOLUME | E2: =FORECAST(E1,OFFSET(B2:B100,MATCH(E1,A2:A100,1)-1,0,2),OFFSET(A2:A100,MATCH(E1,A2:A100,1)-1,0,2)) -> 26584
A3: 100 | B3: 115
A4: 200 | B4: 243
A5: 300 | B5: 427
A6: 400 | B6: 670
A7: 500 | B7: 971
A8: 600 | B8: 1328
A9: 700 | B9: 1744
A10: 800 | B10: 2218
A11: 900 | B11: 2753
A12: 1000 | B12: 3351
A13: 1100 | B13: 4003
A14: 1200 | B14: 4695
... A37: 3500 | B37: 34110

Sheet FRESH_W.P
A1: Snding | B1: LITERS | D1: SONDAGEM | E1: 4400
A2: 0 | B2: 8 | D2: VOLUME | E2: =FORECAST(E1,OFFSET(B2:B100,MATCH(E1,A2:A100,1)-1,0,2),OFFSET(A2:A100,MATCH(E1,A2:A100,1)-1,0,2)) -> 13248
A3: 100 | B3: 17
A4: 200 | B4: 30
A5: 300 | B5: 47
A6: 400 | B6: 70
A7: 500 | B7: 97
A8: 600 | B8: 130
A9: 700 | B9: 170
A10: 800 | B10: 217
A11: 900 | B11: 270
A12: 1000 | B12: 330
A13: 1100 | B13: 396
A14: 1200 | B14: 470
... A47: 4448 | B47: 13520

Sheet FRESH_W.S
A1: Snding | B1: LITERS | D1: SONDAGEM | E1: 4400
A2: 0 | B2: 8 | D2: VOLUME | E2: =FORECAST(E1,OFFSET(B2:B100,MATCH(E1,A2:A100,1)-1,0,2),OFFSET(A2:A100,MATCH(E1,A2:A100,1)-1,0,2)) -> 13248
A3: 100 | B3: 17
A4: 200 | B4: 30
A5: 300 | B5: 47
A6: 400 | B6: 70
A7: 500 | B7: 97
A8: 600 | B8: 130
A9: 700 | B9: 170
A10: 800 | B10: 217
A11: 900 | B11: 270
A12: 1000 | B12: 330
A13: 1100 | B13: 396
A14: 1200 | B14: 470
... A47: 4448 | B47: 13520

Sheet FODAY.P 50
A1: Snding | B1: LITERS | D1: SONDAGEM | E1: ='SONDAGEM TANQUES CLASSE C'!C3 -> 2500
A2: 0 | B2: 159 | D2: VOLUME | E2: =FORECAST(E1,OFFSET(B2:B100,MATCH(E1,A2:A100,1)-1,0,2),OFFSET(A2:A100,MATCH(E1,A2:A100,1)-1,0,2)) -> 20077
A3: 100 | B3: 923
A4: 200 | B4: 1701
A5: 300 | B5: 2481
A6: 400 | B6: 3263
A7: 500 | B7: 4046
A8: 600 | B8: 4831
A9: 700 | B9: 5618
A10: 800 | B10: 6407
A11: 900 | B11: 7198
A12: 1000 | B12: 7990
A13: 1100 | B13: 8784
A14: 1200 | B14: 9580
... A31: 2900 | B31: 22623

Sheet FODAY.S 50
A1: Snding | B1: LITERS | D1: SONDAGEM | E1: ='SONDAGEM TANQUES CLASSE C'!C4 -> 2500
A2: 0 | B2: 159 | D2: VOLUME | E2: =FORECAST(E1,OFFSET(B2:B100,MATCH(E1,A2:A100,1)-1,0,2),OFFSET(A2:A100,MATCH(E1,A2:A100,1)-1,0,2)) -> 20077
A3: 100 | B3: 923
A4: 200 | B4: 1701
A5: 300 | B5: 2481
A6: 400 | B6: 3263
A7: 500 | B7: 4046
A8: 600 | B8: 4831
A9: 700 | B9: 5618
A10: 800 | B10: 6407
A11: 900 | B11: 7198
A12: 1000 | B12: 7990
A13: 1100 | B13: 8784
A14: 1200 | B14: 9580
... A31: 2824 | B31: 22623

Sheet FO_AFT.P 50
A1: Snding | B1: LITERS | D1: SONDAGEM | E1: ='SONDAGEM TANQUES CLASSE C'!C5 -> 2200
A2: 0 | B2: 4 | D2: VOLUME | E2: =FORECAST(E1,OFFSET(B2:B100,MATCH(E1,A2:A100,1)-1,0,2),OFFSET(A2:A100,MATCH(E1,A2:A100,1)-1,0,2)) -> 20986
A3: 100 | B3: 26
A4: 200 | B4: 72
A5: 300 | B5: 151
A6: 400 | B6: 275
A7: 500 | B7: 449
A8: 600 | B8: 692
A9: 700 | B9: 1042
A10: 800 | B10: 1528
A11: 900 | B11: 2190
A12: 1000 | B12: 3037
A13: 1100 | B13: 4069
A14: 1200 | B14: 5265
... A25: 2248 | B25: 21254

Sheet FO_AFT.S 50
A1: Snding | B1: LITERS | D1: SONDAGEM | E1: ='SONDAGEM TANQUES CLASSE C'!C6 -> 2200
A2: 0 | B2: 2 | D2: VOLUME | E2: =FORECAST(E1,OFFSET(B2:B101,MATCH(E1,A2:A101,1)-1,0,2),OFFSET(A2:A101,MATCH(E1,A2:A101,1)-1,0,2)) -> 18007
A3: 100 | B3: 18
A4: 200 | B4: 55
A5: 300 | B5: 125
A6: 400 | B6: 236
A7: 500 | B7: 395
A8: 600 | B8: 615
A9: 700 | B9: 899
A10: 800 | B10: 1260
A11: 900 | B11: 1703
A12: 1000 | B12: 2239
A13: 1100 | B13: 2875
A14: 1200 | B14: 3665
... A27: 2427 | B27: 21254

Sheet FO_DB.P 50
A1: Snding | B1: LITERS | D1: SONDAGEM | E1: ='SONDAGEM TANQUES CLASSE C'!C7 -> 2200
A2: 0 | B2: 59 | D2: VOLUME | E2: =FORECAST(E1,OFFSET(B2:B101,MATCH(E1,A2:A101,1)-1,0,2),OFFSET(A2:A101,MATCH(E1,A2:A101,1)-1,0,2)) -> 12000
A3: 100 | B3: 144
A4: 200 | B4: 278
A5: 300 | B5: 466
A6: 400 | B6: 709
A7: 500 | B7: 1011
A8: 600 | B8: 1373
A9: 700 | B9: 1793
A10: 800 | B10: 2269
A11: 900 | B11: 2801
A12: 1000 | B12: 3386
A13: 1100 | B13: 4010
A14: 1200 | B14: 4664
... A38: 3573 | B38: 30231

Sheet FO_DB.C 50
A1: Snding | B1: LITERS | D1: SONDAGEM | E1: ='SONDAGEM TANQUES CLASSE C'!C8 -> 2200
A2: 0 | B2: 0 | D2: VOLUME | E2: =FORECAST(E1,OFFSET(B2:B101,MATCH(E1,A2:A101,1)-1,0,2),OFFSET(A2:A101,MATCH(E1,A2:A101,1)-1,0,2)) -> 39479
A3: 100 | B3: 109
A4: 200 | B4: 510
A5: 300 | B5: 1231
A6: 400 | B6: 2258
A7: 500 | B7: 3583
A8: 600 | B8: 5108
A9: 700 | B9: 6711
A10: 800 | B10: 8327
A11: 900 | B11: 9953
A12: 1000 | B12: 11692
A13: 1100 | B13: 13578
A14: 1200 | B14: 15621
... A27: 2493 | B27: 44451

Sheet FO_DB.S 50
A1: Snding | B1: LITERS | D1: SONDAGEM | E1: ='SONDAGEM TANQUES CLASSE C'!C9 -> 3200
A2: 0 | B2: 59 | D2: VOLUME | E2: =FORECAST(E1,OFFSET(B2:B101,MATCH(E1,A2:A101,1)-1,0,2),OFFSET(A2:A101,MATCH(E1,A2:A101,1)-1,0,2)) -> 26946
A3: 100 | B3: 144
A4: 200 | B4: 278
A5: 300 | B5: 466
A6: 400 | B6: 712
A7: 500 | B7: 1020
A8: 600 | B8: 1392
A9: 700 | B9: 1829
A10: 800 | B10: 2331
A11: 900 | B11: 2895
A12: 1000 | B12: 3522
A13: 1100 | B13: 4198
A14: 1200 | B14: 4913
... A38: 3591 | B38: 34110
