Workbook

Sheet SOND
B5: SONDAGEM DE ÓLEO DIESEL RAMPART 2500 CLASS
B8: DATA | C8: =NOW() -> 44867.261
B9: HORA | C9: =NOW() -> 44867.261
B10: TRIM | C10: SONDAGEM(MM) | D10: VOLUME(LTS) | E10: % | F10: CAPACIDADE(LTS)
G11: DIFERENÇA
B12: -30
B13: TANQUES
B14: DIÁRIO BB | C14: 1670 | D14: =LOOKUP(C14,DIARIO!A1:A201,DIARIO!B1:B201) -> 6611.5 | E14: =(D14/(F14-I14)) -> 0.87883823 | F14: 7921 | G14: =F14-D14 -> 1309.5 | H14: 1 | I14: =F14-7523 -> 398
B15: DIÁRIO BE | C15: 1670 | D15: =LOOKUP(C15,DIARIO!A2:A202,DIARIO!B2:B202) -> 6611.5 | E15: =(D15/(F15-I15)) -> 0.87883823 | F15: 7921 | G15: =F15-D15 -> 1309.5 | H15: 1 | I15: =F15-7523 -> 398
B16: ARM BB | C16: 1170 | D16: =VLOOKUP(C$16,ARM!A$2:L$133,MATCH(B$12,ARM!A$2:L$2,0)) -> 7079.9 | E16: =(D16/(F16-I16)) -> 0.94600481 | F16: 8314 | G16: =F16-D16 -> 1234.1 | H16: 1 | I16: 830
B17: ARM BE | C17: 1180 | D17: =VLOOKUP(C$17,ARM!A$2:L$133,MATCH(B$12,ARM!A$2:L$2,0)) -> 7168.6 | E17: =(D17/(F17-I17)) -> 0.95785676 | F17: 8314 | G17: =F17-D17 -> 1145.4 | H17: 1 | I17: 830
B18: CTL | C18: 160 | D18: =VLOOKUP(C18,CTL!A2:L133,MATCH(B12,CTL!A2:L2,0)) -> 8432.4 | E18: =(D18/(F18-I18)) -> 0.2389188 | F18: =LOOKUP(B12,CTL!B134:L134,CTL!B133:L133) -> 39112 | G18: =F18-D18 -> 30679.6 | H18: 1 | I18: 3818
B19: TOTAL | D19: =SUM(D14:D18) -> 35903.9 | E19: {=SUM(E14:E18/5)} -> 0.78009137 | F19: =SUM(F14:F18) -> 71582

Sheet CTL
A1: TRIM TQ CENTRAL
A2: ALTURA | B2: -50 | C2: -40 | D2: -30 | E2: -20 | F2: -10 | G2: 0 | H2: 10 | I2: 20 | J2: 30 | K2: 40 | L2: 50
A3: 0 | B3: 5112 | C3: 4618 | D3: 4125 | E3: 3632 | F3: 3147 | G3: 2678 | H3: 2243 | I3: 1852 | J3: 1506 | K3: 1206 | L3: 954
A4: 10 | B4: =((B$13-B$3)/10)+B3 -> 5379.1 | C4: =((C$13-C$3)/10)+C3 -> 4885 | D4: =((D$13-D$3)/10)+D3 -> 4391.7 | E4: =((E$13-E$3)/10)+E3 -> 3898.5 | F4: =((F$13-F$3)/10)+F3 -> 3412.5 | G4: =((G$13-G$3)/10)+G3 -> 2940.9 | H4: =((H$13-H$3)/10)+H3 -> 2500.1 | I4: =((I$13-I$3)/10)+I3 -> 2099.5 | ... L4: =((L$13-L$3)/10)+L3 -> 1157.1
A5: 20 | B5: =((B$13-B$3)/10)+B4 -> 5646.2 | C5: =((C$13-C$3)/10)+C4 -> 5152 | D5: =((D$13-D$3)/10)+D4 -> 4658.4 | E5: =((E$13-E$3)/10)+E4 -> 4165 | F5: =((F$13-F$3)/10)+F4 -> 3678 | G5: =((G$13-G$3)/10)+G4 -> 3203.8 | H5: =((H$13-H$3)/10)+H4 -> 2757.2 | I5: =((I$13-I$3)/10)+I4 -> 2347 | ... L5: =((L$13-L$3)/10)+L4 -> 1360.2
A6: 30 | B6: =((B$13-B$3)/10)+B5 -> 5913.3 | C6: =((C$13-C$3)/10)+C5 -> 5419 | D6: =((D$13-D$3)/10)+D5 -> 4925.1 | E6: =((E$13-E$3)/10)+E5 -> 4431.5 | F6: =((F$13-F$3)/10)+F5 -> 3943.5 | G6: =((G$13-G$3)/10)+G5 -> 3466.7 | H6: =((H$13-H$3)/10)+H5 -> 3014.3 | I6: =((I$13-I$3)/10)+I5 -> 2594.5 | ... L6: =((L$13-L$3)/10)+L5 -> 1563.3
A7: 40 | B7: =((B$13-B$3)/10)+B6 -> 6180.4 | C7: =((C$13-C$3)/10)+C6 -> 5686 | D7: =((D$13-D$3)/10)+D6 -> 5191.8 | E7: =((E$13-E$3)/10)+E6 -> 4698 | F7: =((F$13-F$3)/10)+F6 -> 4209 | G7: =((G$13-G$3)/10)+G6 -> 3729.6 | H7: =((H$13-H$3)/10)+H6 -> 3271.4 | I7: =((I$13-I$3)/10)+I6 -> 2842 | ... L7: =((L$13-L$3)/10)+L6 -> 1766.4
A8: 50 | B8: =((B$13-B$3)/10)+B7 -> 6447.5 | C8: =((C$13-C$3)/10)+C7 -> 5953 | D8: =((D$13-D$3)/10)+D7 -> 5458.5 | E8: =((E$13-E$3)/10)+E7 -> 4964.5 | F8: =((F$13-F$3)/10)+F7 -> 4474.5 | G8: =((G$13-G$3)/10)+G7 -> 3992.5 | H8: =((H$13-H$3)/10)+H7 -> 3528.5 | I8: =((I$13-I$3)/10)+I7 -> 3089.5 | ... L8: =((L$13-L$3)/10)+L7 -> 1969.5
A9: 60 | B9: =((B$13-B$3)/10)+B8 -> 6714.6 | C9: =((C$13-C$3)/10)+C8 -> 6220 | D9: =((D$13-D$3)/10)+D8 -> 5725.2 | E9: =((E$13-E$3)/10)+E8 -> 5231 | F9: =((F$13-F$3)/10)+F8 -> 4740 | G9: =((G$13-G$3)/10)+G8 -> 4255.4 | H9: =((H$13-H$3)/10)+H8 -> 3785.6 | I9: =((I$13-I$3)/10)+I8 -> 3337 | ... L9: =((L$13-L$3)/10)+L8 -> 2172.6
A10: 70 | B10: =((B$13-B$3)/10)+B9 -> 6981.7 | C10: =((C$13-C$3)/10)+C9 -> 6487 | D10: =((D$13-D$3)/10)+D9 -> 5991.9 | E10: =((E$13-E$3)/10)+E9 -> 5497.5 | F10: =((F$13-F$3)/10)+F9 -> 5005.5 | G10: =((G$13-G$3)/10)+G9 -> 4518.3 | H10: =((H$13-H$3)/10)+H9 -> 4042.7 | I10: =((I$13-I$3)/10)+I9 -> 3584.5 | ... L10: =((L$13-L$3)/10)+L9 -> 2375.7
A11: 80 | B11: =((B$13-B$3)/10)+B10 -> 7248.8 | C11: =((C$13-C$3)/10)+C10 -> 6754 | D11: =((D$13-D$3)/10)+D10 -> 6258.6 | E11: =((E$13-E$3)/10)+E10 -> 5764 | F11: =((F$13-F$3)/10)+F10 -> 5271 | G11: =((G$13-G$3)/10)+G10 -> 4781.2 | H11: =((H$13-H$3)/10)+H10 -> 4299.8 | I11: =((I$13-I$3)/10)+I10 -> 3832 | ... L11: =((L$13-L$3)/10)+L10 -> 2578.8
A12: 90 | B12: =((B$13-B$3)/10)+B11 -> 7515.9 | C12: =((C$13-C$3)/10)+C11 -> 7021 | D12: =((D$13-D$3)/10)+D11 -> 6525.3 | E12: =((E$13-E$3)/10)+E11 -> 6030.5 | F12: =((F$13-F$3)/10)+F11 -> 5536.5 | G12: =((G$13-G$3)/10)+G11 -> 5044.1 | H12: =((H$13-H$3)/10)+H11 -> 4556.9 | I12: =((I$13-I$3)/10)+I11 -> 4079.5 | ... L12: =((L$13-L$3)/10)+L11 -> 2781.9
A13: 100 | B13: 7783 | C13: 7288 | D13: 6792 | E13: 6297 | F13: 5802 | G13: 5307 | H13: 4814 | I13: 4327 | J13: 3854 | K13: 3404 | L13: 2985
A14: 110 | B14: =((B$23-B$13)/10)+B13 -> 8056.3 | C14: =((C$23-C$13)/10)+C13 -> 7561.3 | D14: =((D$23-D$13)/10)+D13 -> 7065.4 | E14: =((E$23-E$13)/10)+E13 -> 6570.4 | F14: =((F$23-F$13)/10)+F13 -> 6075.4 | G14: =((G$23-G$13)/10)+G13 -> 5580.4 | H14: =((H$23-H$13)/10)+H13 -> 5087.2 | I14: =((I$23-I$13)/10)+I13 -> 4599.4 | ... L14: =((L$23-L$13)/10)+L13 -> 3244.4
A15: 120 | B15: =((B$23-B$13)/10)+B14 -> 8329.6 | C15: =((C$23-C$13)/10)+C14 -> 7834.6 | D15: =((D$23-D$13)/10)+D14 -> 7338.8 | E15: =((E$23-E$13)/10)+E14 -> 6843.8 | F15: =((F$23-F$13)/10)+F14 -> 6348.8 | G15: =((G$23-G$13)/10)+G14 -> 5853.8 | H15: =((H$23-H$13)/10)+H14 -> 5360.4 | I15: =((I$23-I$13)/10)+I14 -> 4871.8 | ... L15: =((L$23-L$13)/10)+L14 -> 3503.8
A16: 130 | B16: =((B$23-B$13)/10)+B15 -> 8602.9 | C16: =((C$23-C$13)/10)+C15 -> 8107.9 | D16: =((D$23-D$13)/10)+D15 -> 7612.2 | E16: =((E$23-E$13)/10)+E15 -> 7117.2 | F16: =((F$23-F$13)/10)+F15 -> 6622.2 | G16: =((G$23-G$13)/10)+G15 -> 6127.2 | H16: =((H$23-H$13)/10)+H15 -> 5633.6 | I16: =((I$23-I$13)/10)+I15 -> 5144.2 | ... L16: =((L$23-L$13)/10)+L15 -> 3763.2
A17: 140 | B17: =((B$23-B$13)/10)+B16 -> 8876.2 | C17: =((C$23-C$13)/10)+C16 -> 8381.2 | D17: =((D$23-D$13)/10)+D16 -> 7885.6 | E17: =((E$23-E$13)/10)+E16 -> 7390.6 | F17: =((F$23-F$13)/10)+F16 -> 6895.6 | G17: =((G$23-G$13)/10)+G16 -> 6400.6 | H17: =((H$23-H$13)/10)+H16 -> 5906.8 | I17: =((I$23-I$13)/10)+I16 -> 5416.6 | ... L17: =((L$23-L$13)/10)+L16 -> 4022.6
A18: 150 | B18: =((B$23-B$13)/10)+B17 -> 9149.5 | C18: =((C$23-C$13)/10)+C17 -> 8654.5 | D18: =((D$23-D$13)/10)+D17 -> 8159 | E18: =((E$23-E$13)/10)+E17 -> 7664 | F18: =((F$23-F$13)/10)+F17 -> 7169 | G18: =((G$23-G$13)/10)+G17 -> 6674 | H18: =((H$23-H$13)/10)+H17 -> 6180 | I18: =((I$23-I$13)/10)+I17 -> 5689 | ... L18: =((L$23-L$13)/10)+L17 -> 4282
A19: 160 | B19: =((B$23-B$13)/10)+B18 -> 9422.8 | C19: =((C$23-C$13)/10)+C18 -> 8927.8 | D19: =((D$23-D$13)/10)+D18 -> 8432.4 | E19: =((E$23-E$13)/10)+E18 -> 7937.4 | F19: =((F$23-F$13)/10)+F18 -> 7442.4 | G19: =((G$23-G$13)/10)+G18 -> 6947.4 | H19: =((H$23-H$13)/10)+H18 -> 6453.2 | I19: =((I$23-I$13)/10)+I18 -> 5961.4 | ... L19: =((L$23-L$13)/10)+L18 -> 4541.4
A20: 170 | B20: =((B$23-B$13)/10)+B19 -> 9696.1 | C20: =((C$23-C$13)/10)+C19 -> 9201.1 | D20: =((D$23-D$13)/10)+D19 -> 8705.8 | E20: =((E$23-E$13)/10)+E19 -> 8210.8 | F20: =((F$23-F$13)/10)+F19 -> 7715.8 | G20: =((G$23-G$13)/10)+G19 -> 7220.8 | H20: =((H$23-H$13)/10)+H19 -> 6726.4 | I20: =((I$23-I$13)/10)+I19 -> 6233.8 | ... L20: =((L$23-L$13)/10)+L19 -> 4800.8
A21: 180 | B21: =((B$23-B$13)/10)+B20 -> 9969.4 | C21: =((C$23-C$13)/10)+C20 -> 9474.4 | D21: =((D$23-D$13)/10)+D20 -> 8979.2 | E21: =((E$23-E$13)/10)+E20 -> 8484.2 | F21: =((F$23-F$13)/10)+F20 -> 7989.2 | G21: =((G$23-G$13)/10)+G20 -> 7494.2 | H21: =((H$23-H$13)/10)+H20 -> 6999.6 | I21: =((I$23-I$13)/10)+I20 -> 6506.2 | ... L21: =((L$23-L$13)/10)+L20 -> 5060.2
A22: 190 | B22: =((B$23-B$13)/10)+B21 -> 10242.7 | C22: =((C$23-C$13)/10)+C21 -> 9747.7 | D22: =((D$23-D$13)/10)+D21 -> 9252.6 | E22: =((E$23-E$13)/10)+E21 -> 8757.6 | F22: =((F$23-F$13)/10)+F21 -> 8262.6 | G22: =((G$23-G$13)/10)+G21 -> 7767.6 | H22: =((H$23-H$13)/10)+H21 -> 7272.8 | I22: =((I$23-I$13)/10)+I21 -> 6778.6 | ... L22: =((L$23-L$13)/10)+L21 -> 5319.6
A23: 200 | B23: 10516 | C23: 10021 | D23: 9526 | E23: 9031 | F23: 8536 | G23: 8041 | H23: 7546 | I23: 7051 | J23: 6556 | K23: 6064 | L23: 5579
A24: 210 | B24: =((B$33-B$23)/10)+B23 -> 10790 | C24: =((C$33-C$23)/10)+C23 -> 10295 | D24: =((D$33-D$23)/10)+D23 -> 9800 | E24: =((E$33-E$23)/10)+E23 -> 9305 | F24: =((F$33-F$23)/10)+F23 -> 8810 | G24: =((G$33-G$23)/10)+G23 -> 8315 | H24: =((H$33-H$23)/10)+H23 -> 7820 | I24: =((I$33-I$23)/10)+I23 -> 7325 | ... L24: =((L$33-L$23)/10)+L23 -> 5851.7
A25: 220 | B25: =((B$33-B$23)/10)+B24 -> 11064 | C25: =((C$33-C$23)/10)+C24 -> 10569 | D25: =((D$33-D$23)/10)+D24 -> 10074 | E25: =((E$33-E$23)/10)+E24 -> 9579 | F25: =((F$33-F$23)/10)+F24 -> 9084 | G25: =((G$33-G$23)/10)+G24 -> 8589 | H25: =((H$33-H$23)/10)+H24 -> 8094 | I25: =((I$33-I$23)/10)+I24 -> 7599 | ... L25: =((L$33-L$23)/10)+L24 -> 6124.4
A26: 230 | B26: =((B$33-B$23)/10)+B25 -> 11338 | C26: =((C$33-C$23)/10)+C25 -> 10843 | D26: =((D$33-D$23)/10)+D25 -> 10348 | E26: =((E$33-E$23)/10)+E25 -> 9853 | F26: =((F$33-F$23)/10)+F25 -> 9358 | G26: =((G$33-G$23)/10)+G25 -> 8863 | H26: =((H$33-H$23)/10)+H25 -> 8368 | I26: =((I$33-I$23)/10)+I25 -> 7873 | ... L26: =((L$33-L$23)/10)+L25 -> 6397.1
A27: 240 | B27: =((B$33-B$23)/10)+B26 -> 11612 | C27: =((C$33-C$23)/10)+C26 -> 11117 | D27: =((D$33-D$23)/10)+D26 -> 10622 | E27: =((E$33-E$23)/10)+E26 -> 10127 | F27: =((F$33-F$23)/10)+F26 -> 9632 | G27: =((G$33-G$23)/10)+G26 -> 9137 | H27: =((H$33-H$23)/10)+H26 -> 8642 | I27: =((I$33-I$23)/10)+I26 -> 8147 | ... L27: =((L$33-L$23)/10)+L26 -> 6669.8
A28: 250 | B28: =((B$33-B$23)/10)+B27 -> 11886 | C28: =((C$33-C$23)/10)+C27 -> 11391 | D28: =((D$33-D$23)/10)+D27 -> 10896 | E28: =((E$33-E$23)/10)+E27 -> 10401 | F28: =((F$33-F$23)/10)+F27 -> 9906 | G28: =((G$33-G$23)/10)+G27 -> 9411 | H28: =((H$33-H$23)/10)+H27 -> 8916 | I28: =((I$33-I$23)/10)+I27 -> 8421 | ... L28: =((L$33-L$23)/10)+L27 -> 6942.5
A29: 260 | B29: =((B$33-B$23)/10)+B28 -> 12160 | C29: =((C$33-C$23)/10)+C28 -> 11665 | D29: =((D$33-D$23)/10)+D28 -> 11170 | E29: =((E$33-E$23)/10)+E28 -> 10675 | F29: =((F$33-F$23)/10)+F28 -> 10180 | G29: =((G$33-G$23)/10)+G28 -> 9685 | H29: =((H$33-H$23)/10)+H28 -> 9190 | I29: =((I$33-I$23)/10)+I28 -> 8695 | ... L29: =((L$33-L$23)/10)+L28 -> 7215.2
A30: 270 | B30: =((B$33-B$23)/10)+B29 -> 12434 | C30: =((C$33-C$23)/10)+C29 -> 11939 | D30: =((D$33-D$23)/10)+D29 -> 11444 | E30: =((E$33-E$23)/10)+E29 -> 10949 | F30: =((F$33-F$23)/10)+F29 -> 10454 | G30: =((G$33-G$23)/10)+G29 -> 9959 | H30: =((H$33-H$23)/10)+H29 -> 9464 | I30: =((I$33-I$23)/10)+I29 -> 8969 | ... L30: =((L$33-L$23)/10)+L29 -> 7487.9
A31: 280 | B31: =((B$33-B$23)/10)+B30 -> 12708 | C31: =((C$33-C$23)/10)+C30 -> 12213 | D31: =((D$33-D$23)/10)+D30 -> 11718 | E31: =((E$33-E$23)/10)+E30 -> 11223 | F31: =((F$33-F$23)/10)+F30 -> 10728 | G31: =((G$33-G$23)/10)+G30 -> 10233 | H31: =((H$33-H$23)/10)+H30 -> 9738 | I31: =((I$33-I$23)/10)+I30 -> 9243 | ... L31: =((L$33-L$23)/10)+L30 -> 7760.6
A32: 290 | B32: =((B$33-B$23)/10)+B31 -> 12982 | C32: =((C$33-C$23)/10)+C31 -> 12487 | D32: =((D$33-D$23)/10)+D31 -> 11992 | E32: =((E$33-E$23)/10)+E31 -> 11497 | F32: =((F$33-F$23)/10)+F31 -> 11002 | G32: =((G$33-G$23)/10)+G31 -> 10507 | H32: =((H$33-H$23)/10)+H31 -> 10012 | I32: =((I$33-I$23)/10)+I31 -> 9517 | ... L32: =((L$33-L$23)/10)+L31 -> 8033.3
A33: 300 | B33: 13256 | C33: 12761 | D33: 12266 | E33: 11771 | F33: 11276 | G33: 10781 | H33: 10286 | I33: 9791 | J33: 9296 | K33: 8801 | L33: 8306
A34: 310 | B34: =((B$43-B$33)/10)+B33 -> 13430 | C34: =((C$43-C$33)/10)+C33 -> 13035 | D34: =((D$43-D$33)/10)+D33 -> 12540 | E34: =((E$43-E$33)/10)+E33 -> 12045 | F34: =((F$43-F$33)/10)+F33 -> 11550 | G34: =((G$43-G$33)/10)+G33 -> 11055 | H34: =((H$43-H$33)/10)+H33 -> 10560 | I34: =((I$43-I$33)/10)+I33 -> 10065 | ... L34: =((L$43-L$33)/10)+L33 -> 8580
A35: 320 | B35: =((B$43-B$33)/10)+B34 -> 13604 | C35: =((C$43-C$33)/10)+C34 -> 13309 | D35: =((D$43-D$33)/10)+D34 -> 12814 | E35: =((E$43-E$33)/10)+E34 -> 12319 | F35: =((F$43-F$33)/10)+F34 -> 11824 | G35: =((G$43-G$33)/10)+G34 -> 11329 | H35: =((H$43-H$33)/10)+H34 -> 10834 | I35: =((I$43-I$33)/10)+I34 -> 10339 | ... L35: =((L$43-L$33)/10)+L34 -> 8854
A36: 330 | B36: =((B$43-B$33)/10)+B35 -> 13778 | C36: =((C$43-C$33)/10)+C35 -> 13583 | D36: =((D$43-D$33)/10)+D35 -> 13088 | E36: =((E$43-E$33)/10)+E35 -> 12593 | F36: =((F$43-F$33)/10)+F35 -> 12098 | G36: =((G$43-G$33)/10)+G35 -> 11603 | H36: =((H$43-H$33)/10)+H35 -> 11108 | I36: =((I$43-I$33)/10)+I35 -> 10613 | ... L36: =((L$43-L$33)/10)+L35 -> 9128
A37: 340 | B37: =((B$43-B$33)/10)+B36 -> 13952 | C37: =((C$43-C$33)/10)+C36 -> 13857 | D37: =((D$43-D$33)/10)+D36 -> 13362 | E37: =((E$43-E$33)/10)+E36 -> 12867 | F37: =((F$43-F$33)/10)+F36 -> 12372 | G37: =((G$43-G$33)/10)+G36 -> 11877 | H37: =((H$43-H$33)/10)+H36 -> 11382 | I37: =((I$43-I$33)/10)+I36 -> 10887 | ... L37: =((L$43-L$33)/10)+L36 -> 9402
A38: 350 | B38: =((B$43-B$33)/10)+B37 -> 14126 | C38: =((C$43-C$33)/10)+C37 -> 14131 | D38: =((D$43-D$33)/10)+D37 -> 13636 | E38: =((E$43-E$33)/10)+E37 -> 13141 | F38: =((F$43-F$33)/10)+F37 -> 12646 | G38: =((G$43-G$33)/10)+G37 -> 12151 | H38: =((H$43-H$33)/10)+H37 -> 11656 | I38: =((I$43-I$33)/10)+I37 -> 11161 | ... L38: =((L$43-L$33)/10)+L37 -> 9676
A39: 360 | B39: =((B$43-B$33)/10)+B38 -> 14300 | C39: =((C$43-C$33)/10)+C38 -> 14405 | D39: =((D$43-D$33)/10)+D38 -> 13910 | E39: =((E$43-E$33)/10)+E38 -> 13415 | F39: =((F$43-F$33)/10)+F38 -> 12920 | G39: =((G$43-G$33)/10)+G38 -> 12425 | H39: =((H$43-H$33)/10)+H38 -> 11930 | I39: =((I$43-I$33)/10)+I38 -> 11435 | ... L39: =((L$43-L$33)/10)+L38 -> 9950
A40: 370 | B40: =((B$43-B$33)/10)+B39 -> 14474 | C40: =((C$43-C$33)/10)+C39 -> 14679 | D40: =((D$43-D$33)/10)+D39 -> 14184 | E40: =((E$43-E$33)/10)+E39 -> 13689 | F40: =((F$43-F$33)/10)+F39 -> 13194 | G40: =((G$43-G$33)/10)+G39 -> 12699 | H40: =((H$43-H$33)/10)+H39 -> 12204 | I40: =((I$43-I$33)/10)+I39 -> 11709 | ... L40: =((L$43-L$33)/10)+L39 -> 10224
A41: 380 | B41: =((B$43-B$33)/10)+B40 -> 14648 | C41: =((C$43-C$33)/10)+C40 -> 14953 | D41: =((D$43-D$33)/10)+D40 -> 14458 | E41: =((E$43-E$33)/10)+E40 -> 13963 | F41: =((F$43-F$33)/10)+F40 -> 13468 | G41: =((G$43-G$33)/10)+G40 -> 12973 | H41: =((H$43-H$33)/10)+H40 -> 12478 | I41: =((I$43-I$33)/10)+I40 -> 11983 | ... L41: =((L$43-L$33)/10)+L40 -> 10498
A42: 390 | B42: =((B$43-B$33)/10)+B41 -> 14822 | C42: =((C$43-C$33)/10)+C41 -> 15227 | D42: =((D$43-D$33)/10)+D41 -> 14732 | E42: =((E$43-E$33)/10)+E41 -> 14237 | F42: =((F$43-F$33)/10)+F41 -> 13742 | G42: =((G$43-G$33)/10)+G41 -> 13247 | H42: =((H$43-H$33)/10)+H41 -> 12752 | I42: =((I$43-I$33)/10)+I41 -> 12257 | ... L42: =((L$43-L$33)/10)+L41 -> 10772
A43: 400 | B43: 14996 | C43: 15501 | D43: 15006 | E43: 14511 | F43: 14016 | G43: 13521 | H43: 13026 | I43: 12531 | J43: 12036 | K43: 11541 | L43: 11046
A44: 410 | B44: =((B$53-B$43)/10)+B43 -> 15370 | C44: =((C$53-C$43)/10)+C43 -> 15775 | D44: =((D$53-D$43)/10)+D43 -> 15280.1 | E44: =((E$53-E$43)/10)+E43 -> 14785 | F44: =((F$53-F$43)/10)+F43 -> 14290 | G44: =((G$53-G$43)/10)+G43 -> 13795 | H44: =((H$53-H$43)/10)+H43 -> 13300 | I44: =((I$53-I$43)/10)+I43 -> 12805 | ... L44: =((L$53-L$43)/10)+L43 -> 11320
A45: 420 | B45: =((B$53-B$43)/10)+B44 -> 15744 | C45: =((C$53-C$43)/10)+C44 -> 16049 | D45: =((D$53-D$43)/10)+D44 -> 15554.2 | E45: =((E$53-E$43)/10)+E44 -> 15059 | F45: =((F$53-F$43)/10)+F44 -> 14564 | G45: =((G$53-G$43)/10)+G44 -> 14069 | H45: =((H$53-H$43)/10)+H44 -> 13574 | I45: =((I$53-I$43)/10)+I44 -> 13079 | ... L45: =((L$53-L$43)/10)+L44 -> 11594
A46: 430 | B46: =((B$53-B$43)/10)+B45 -> 16118 | C46: =((C$53-C$43)/10)+C45 -> 16323 | D46: =((D$53-D$43)/10)+D45 -> 15828.3 | E46: =((E$53-E$43)/10)+E45 -> 15333 | F46: =((F$53-F$43)/10)+F45 -> 14838 | G46: =((G$53-G$43)/10)+G45 -> 14343 | H46: =((H$53-H$43)/10)+H45 -> 13848 | I46: =((I$53-I$43)/10)+I45 -> 13353 | ... L46: =((L$53-L$43)/10)+L45 -> 11868
A47: 440 | B47: =((B$53-B$43)/10)+B46 -> 16492 | C47: =((C$53-C$43)/10)+C46 -> 16597 | D47: =((D$53-D$43)/10)+D46 -> 16102.4 | E47: =((E$53-E$43)/10)+E46 -> 15607 | F47: =((F$53-F$43)/10)+F46 -> 15112 | G47: =((G$53-G$43)/10)+G46 -> 14617 | H47: =((H$53-H$43)/10)+H46 -> 14122 | I47: =((I$53-I$43)/10)+I46 -> 13627 | ... L47: =((L$53-L$43)/10)+L46 -> 12142
A48: 450 | B48: =((B$53-B$43)/10)+B47 -> 16866 | C48: =((C$53-C$43)/10)+C47 -> 16871 | D48: =((D$53-D$43)/10)+D47 -> 16376.5 | E48: =((E$53-E$43)/10)+E47 -> 15881 | F48: =((F$53-F$43)/10)+F47 -> 15386 | G48: =((G$53-G$43)/10)+G47 -> 14891 | H48: =((H$53-H$43)/10)+H47 -> 14396 | I48: =((I$53-I$43)/10)+I47 -> 13901 | ... L48: =((L$53-L$43)/10)+L47 -> 12416
A49: 460 | B49: =((B$53-B$43)/10)+B48 -> 17240 | C49: =((C$53-C$43)/10)+C48 -> 17145 | D49: =((D$53-D$43)/10)+D48 -> 16650.6 | E49: =((E$53-E$43)/10)+E48 -> 16155 | F49: =((F$53-F$43)/10)+F48 -> 15660 | G49: =((G$53-G$43)/10)+G48 -> 15165 | H49: =((H$53-H$43)/10)+H48 -> 14670 | I49: =((I$53-I$43)/10)+I48 -> 14175 | ... L49: =((L$53-L$43)/10)+L48 -> 12690
A50: 470 | B50: =((B$53-B$43)/10)+B49 -> 17614 | C50: =((C$53-C$43)/10)+C49 -> 17419 | D50: =((D$53-D$43)/10)+D49 -> 16924.7 | E50: =((E$53-E$43)/10)+E49 -> 16429 | F50: =((F$53-F$43)/10)+F49 -> 15934 | G50: =((G$53-G$43)/10)+G49 -> 15439 | H50: =((H$53-H$43)/10)+H49 -> 14944 | I50: =((I$53-I$43)/10)+I49 -> 14449 | ... L50: =((L$53-L$43)/10)+L49 -> 12964
A51: 480 | B51: =((B$53-B$43)/10)+B50 -> 17988 | C51: =((C$53-C$43)/10)+C50 -> 17693 | D51: =((D$53-D$43)/10)+D50 -> 17198.8 | E51: =((E$53-E$43)/10)+E50 -> 16703 | F51: =((F$53-F$43)/10)+F50 -> 16208 | G51: =((G$53-G$43)/10)+G50 -> 15713 | H51: =((H$53-H$43)/10)+H50 -> 15218 | I51: =((I$53-I$43)/10)+I50 -> 14723 | ... L51: =((L$53-L$43)/10)+L50 -> 13238
A52: 490 | B52: =((B$53-B$43)/10)+B51 -> 18362 | C52: =((C$53-C$43)/10)+C51 -> 17967 | D52: =((D$53-D$43)/10)+D51 -> 17472.9 | E52: =((E$53-E$43)/10)+E51 -> 16977 | F52: =((F$53-F$43)/10)+F51 -> 16482 | G52: =((G$53-G$43)/10)+G51 -> 15987 | H52: =((H$53-H$43)/10)+H51 -> 15492 | I52: =((I$53-I$43)/10)+I51 -> 14997 | ... L52: =((L$53-L$43)/10)+L51 -> 13512
A53: 500 | B53: 18736 | C53: 18241 | D53: 17747 | E53: 17251 | F53: 16756 | G53: 16261 | H53: 15766 | I53: 15271 | J53: 14776 | K53: 14281 | L53: 13786
A54: 510 | B54: =((B$63-B$53)/10+B53) -> 19010 | C54: =((C$63-C$53)/10+C53) -> 18515 | D54: =((D$63-D$53)/10+D53) -> 18020.9 | E54: =((E$63-E$53)/10+E53) -> 17525 | F54: =((F$63-F$53)/10+F53) -> 17030 | G54: =((G$63-G$53)/10+G53) -> 16535 | H54: =((H$63-H$53)/10+H53) -> 16040 | I54: =((I$63-I$53)/10+I53) -> 15545 | ... L54: =((L$63-L$53)/10+L53) -> 14060
A55: 520 | B55: =((B$63-B$53)/10+B54) -> 19284 | C55: =((C$63-C$53)/10+C54) -> 18789 | D55: =((D$63-D$53)/10+D54) -> 18294.8 | E55: =((E$63-E$53)/10+E54) -> 17799 | F55: =((F$63-F$53)/10+F54) -> 17304 | G55: =((G$63-G$53)/10+G54) -> 16809 | H55: =((H$63-H$53)/10+H54) -> 16314 | I55: =((I$63-I$53)/10+I54) -> 15819 | ... L55: =((L$63-L$53)/10+L54) -> 14334
A56: 530 | B56: =((B$63-B$53)/10+B55) -> 19558 | C56: =((C$63-C$53)/10+C55) -> 19063 | D56: =((D$63-D$53)/10+D55) -> 18568.7 | E56: =((E$63-E$53)/10+E55) -> 18073 | F56: =((F$63-F$53)/10+F55) -> 17578 | G56: =((G$63-G$53)/10+G55) -> 17083 | H56: =((H$63-H$53)/10+H55) -> 16588 | I56: =((I$63-I$53)/10+I55) -> 16093 | ... L56: =((L$63-L$53)/10+L55) -> 14608
A57: 540 | B57: =((B$63-B$53)/10+B56) -> 19832 | C57: =((C$63-C$53)/10+C56) -> 19337 | D57: =((D$63-D$53)/10+D56) -> 18842.6 | E57: =((E$63-E$53)/10+E56) -> 18347 | F57: =((F$63-F$53)/10+F56) -> 17852 | G57: =((G$63-G$53)/10+G56) -> 17357 | H57: =((H$63-H$53)/10+H56) -> 16862 | I57: =((I$63-I$53)/10+I56) -> 16367 | ... L57: =((L$63-L$53)/10+L56) -> 14882
A58: 550 | B58: =((B$63-B$53)/10+B57) -> 20106 | C58: =((C$63-C$53)/10+C57) -> 19611 | D58: =((D$63-D$53)/10+D57) -> 19116.5 | E58: =((E$63-E$53)/10+E57) -> 18621 | F58: =((F$63-F$53)/10+F57) -> 18126 | G58: =((G$63-G$53)/10+G57) -> 17631 | H58: =((H$63-H$53)/10+H57) -> 17136 | I58: =((I$63-I$53)/10+I57) -> 16641 | ... L58: =((L$63-L$53)/10+L57) -> 15156
A59: 560 | B59: =((B$63-B$53)/10+B58) -> 20380 | C59: =((C$63-C$53)/10+C58) -> 19885 | D59: =((D$63-D$53)/10+D58) -> 19390.4 | E59: =((E$63-E$53)/10+E58) -> 18895 | F59: =((F$63-F$53)/10+F58) -> 18400 | G59: =((G$63-G$53)/10+G58) -> 17905 | H59: =((H$63-H$53)/10+H58) -> 17410 | I59: =((I$63-I$53)/10+I58) -> 16915 | ... L59: =((L$63-L$53)/10+L58) -> 15430
A60: 570 | B60: =((B$63-B$53)/10+B59) -> 20654 | C60: =((C$63-C$53)/10+C59) -> 20159 | D60: =((D$63-D$53)/10+D59) -> 19664.3 | E60: =((E$63-E$53)/10+E59) -> 19169 | F60: =((F$63-F$53)/10+F59) -> 18674 | G60: =((G$63-G$53)/10+G59) -> 18179 | H60: =((H$63-H$53)/10+H59) -> 17684 | I60: =((I$63-I$53)/10+I59) -> 17189 | ... L60: =((L$63-L$53)/10+L59) -> 15704
A61: 580 | B61: =((B$63-B$53)/10+B60) -> 20928 | C61: =((C$63-C$53)/10+C60) -> 20433 | D61: =((D$63-D$53)/10+D60) -> 19938.2 | E61: =((E$63-E$53)/10+E60) -> 19443 | F61: =((F$63-F$53)/10+F60) -> 18948 | G61: =((G$63-G$53)/10+G60) -> 18453 | H61: =((H$63-H$53)/10+H60) -> 17958 | I61: =((I$63-I$53)/10+I60) -> 17463 | ... L61: =((L$63-L$53)/10+L60) -> 15978
A62: 590 | B62: =((B$63-B$53)/10+B61) -> 21202 | C62: =((C$63-C$53)/10+C61) -> 20707 | D62: =((D$63-D$53)/10+D61) -> 20212.1 | E62: =((E$63-E$53)/10+E61) -> 19717 | F62: =((F$63-F$53)/10+F61) -> 19222 | G62: =((G$63-G$53)/10+G61) -> 18727 | H62: =((H$63-H$53)/10+H61) -> 18232 | I62: =((I$63-I$53)/10+I61) -> 17737 | ... L62: =((L$63-L$53)/10+L61) -> 16252
A63: 600 | B63: 21476 | C63: 20981 | D63: 20486 | E63: 19991 | F63: 19496 | G63: 19001 | H63: 18506 | I63: 18011 | J63: 17516 | K63: 17021 | L63: 16526
A64: 610 | B64: =((B$73-B$63))/10+B63 -> 21750 | C64: =((C$73-C$63))/10+C63 -> 21255 | D64: =((D$73-D$63))/10+D63 -> 20760 | E64: =((E$73-E$63))/10+E63 -> 20265 | F64: =((F$73-F$63))/10+F63 -> 19770 | G64: =((G$73-G$63))/10+G63 -> 19275 | H64: =((H$73-H$63))/10+H63 -> 18780 | I64: =((I$73-I$63))/10+I63 -> 18285 | ... L64: =((L$73-L$63))/10+L63 -> 16800
A65: 620 | B65: =((B$73-B$63))/10+B64 -> 22024 | C65: =((C$73-C$63))/10+C64 -> 21529 | D65: =((D$73-D$63))/10+D64 -> 21034 | E65: =((E$73-E$63))/10+E64 -> 20539 | F65: =((F$73-F$63))/10+F64 -> 20044 | G65: =((G$73-G$63))/10+G64 -> 19549 | H65: =((H$73-H$63))/10+H64 -> 19054 | I65: =((I$73-I$63))/10+I64 -> 18559 | ... L65: =((L$73-L$63))/10+L64 -> 17074
A66: 630 | B66: =((B$73-B$63))/10+B65 -> 22298 | C66: =((C$73-C$63))/10+C65 -> 21803 | D66: =((D$73-D$63))/10+D65 -> 21308 | E66: =((E$73-E$63))/10+E65 -> 20813 | F66: =((F$73-F$63))/10+F65 -> 20318 | G66: =((G$73-G$63))/10+G65 -> 19823 | H66: =((H$73-H$63))/10+H65 -> 19328 | I66: =((I$73-I$63))/10+I65 -> 18833 | ... L66: =((L$73-L$63))/10+L65 -> 17348
A67: 640 | B67: =((B$73-B$63))/10+B66 -> 22572 | C67: =((C$73-C$63))/10+C66 -> 22077 | D67: =((D$73-D$63))/10+D66 -> 21582 | E67: =((E$73-E$63))/10+E66 -> 21087 | F67: =((F$73-F$63))/10+F66 -> 20592 | G67: =((G$73-G$63))/10+G66 -> 20097 | H67: =((H$73-H$63))/10+H66 -> 19602 | I67: =((I$73-I$63))/10+I66 -> 19107 | ... L67: =((L$73-L$63))/10+L66 -> 17622
A68: 650 | B68: =((B$73-B$63))/10+B67 -> 22846 | C68: =((C$73-C$63))/10+C67 -> 22351 | D68: =((D$73-D$63))/10+D67 -> 21856 | E68: =((E$73-E$63))/10+E67 -> 21361 | F68: =((F$73-F$63))/10+F67 -> 20866 | G68: =((G$73-G$63))/10+G67 -> 20371 | H68: =((H$73-H$63))/10+H67 -> 19876 | I68: =((I$73-I$63))/10+I67 -> 19381 | ... L68: =((L$73-L$63))/10+L67 -> 17896
A69: 660 | B69: =((B$73-B$63))/10+B68 -> 23120 | C69: =((C$73-C$63))/10+C68 -> 22625 | D69: =((D$73-D$63))/10+D68 -> 22130 | E69: =((E$73-E$63))/10+E68 -> 21635 | F69: =((F$73-F$63))/10+F68 -> 21140 | G69: =((G$73-G$63))/10+G68 -> 20645 | H69: =((H$73-H$63))/10+H68 -> 20150 | I69: =((I$73-I$63))/10+I68 -> 19655 | ... L69: =((L$73-L$63))/10+L68 -> 18170
A70: 670 | B70: =((B$73-B$63))/10+B69 -> 23394 | C70: =((C$73-C$63))/10+C69 -> 22899 | D70: =((D$73-D$63))/10+D69 -> 22404 | E70: =((E$73-E$63))/10+E69 -> 21909 | F70: =((F$73-F$63))/10+F69 -> 21414 | G70: =((G$73-G$63))/10+G69 -> 20919 | H70: =((H$73-H$63))/10+H69 -> 20424 | I70: =((I$73-I$63))/10+I69 -> 19929 | ... L70: =((L$73-L$63))/10+L69 -> 18444
A71: 680 | B71: =((B$73-B$63))/10+B70 -> 23668 | C71: =((C$73-C$63))/10+C70 -> 23173 | D71: =((D$73-D$63))/10+D70 -> 22678 | E71: =((E$73-E$63))/10+E70 -> 22183 | F71: =((F$73-F$63))/10+F70 -> 21688 | G71: =((G$73-G$63))/10+G70 -> 21193 | H71: =((H$73-H$63))/10+H70 -> 20698 | I71: =((I$73-I$63))/10+I70 -> 20203 | ... L71: =((L$73-L$63))/10+L70 -> 18718
A72: 690 | B72: =((B$73-B$63))/10+B71 -> 23942 | C72: =((C$73-C$63))/10+C71 -> 23447 | D72: =((D$73-D$63))/10+D71 -> 22952 | E72: =((E$73-E$63))/10+E71 -> 22457 | F72: =((F$73-F$63))/10+F71 -> 21962 | G72: =((G$73-G$63))/10+G71 -> 21467 | H72: =((H$73-H$63))/10+H71 -> 20972 | I72: =((I$73-I$63))/10+I71 -> 20477 | ... L72: =((L$73-L$63))/10+L71 -> 18992
A73: 700 | B73: 24216 | C73: 23721 | D73: 23226 | E73: 22731 | F73: 22236 | G73: 21741 | H73: 21246 | I73: 20751 | J73: 20256 | K73: 19761 | L73: 19266
A74: 710 | B74: =((B$83-B$73)/10+B73) -> 24490 | C74: =((C$83-C$73)/10+C73) -> 23995 | D74: =((D$83-D$73)/10+D73) -> 23500 | E74: =((E$83-E$73)/10+E73) -> 23005 | F74: =((F$83-F$73)/10+F73) -> 22510 | G74: =((G$83-G$73)/10+G73) -> 22015 | H74: =((H$83-H$73)/10+H73) -> 21520 | I74: =((I$83-I$73)/10+I73) -> 21025 | ... L74: =((L$83-L$73)/10+L73) -> 19540
A75: 720 | B75: =((B$83-B$73)/10+B74) -> 24764 | C75: =((C$83-C$73)/10+C74) -> 24269 | D75: =((D$83-D$73)/10+D74) -> 23774 | E75: =((E$83-E$73)/10+E74) -> 23279 | F75: =((F$83-F$73)/10+F74) -> 22784 | G75: =((G$83-G$73)/10+G74) -> 22289 | H75: =((H$83-H$73)/10+H74) -> 21794 | I75: =((I$83-I$73)/10+I74) -> 21299 | ... L75: =((L$83-L$73)/10+L74) -> 19814
A76: 730 | B76: =((B$83-B$73)/10+B75) -> 25038 | C76: =((C$83-C$73)/10+C75) -> 24543 | D76: =((D$83-D$73)/10+D75) -> 24048 | E76: =((E$83-E$73)/10+E75) -> 23553 | F76: =((F$83-F$73)/10+F75) -> 23058 | G76: =((G$83-G$73)/10+G75) -> 22563 | H76: =((H$83-H$73)/10+H75) -> 22068 | I76: =((I$83-I$73)/10+I75) -> 21573 | ... L76: =((L$83-L$73)/10+L75) -> 20088
A77: 740 | B77: =((B$83-B$73)/10+B76) -> 25312 | C77: =((C$83-C$73)/10+C76) -> 24817 | D77: =((D$83-D$73)/10+D76) -> 24322 | E77: =((E$83-E$73)/10+E76) -> 23827 | F77: =((F$83-F$73)/10+F76) -> 23332 | G77: =((G$83-G$73)/10+G76) -> 22837 | H77: =((H$83-H$73)/10+H76) -> 22342 | I77: =((I$83-I$73)/10+I76) -> 21847 | ... L77: =((L$83-L$73)/10+L76) -> 20362
A78: 750 | B78: =((B$83-B$73)/10+B77) -> 25586 | C78: =((C$83-C$73)/10+C77) -> 25091 | D78: =((D$83-D$73)/10+D77) -> 24596 | E78: =((E$83-E$73)/10+E77) -> 24101 | F78: =((F$83-F$73)/10+F77) -> 23606 | G78: =((G$83-G$73)/10+G77) -> 23111 | H78: =((H$83-H$73)/10+H77) -> 22616 | I78: =((I$83-I$73)/10+I77) -> 22121 | ... L78: =((L$83-L$73)/10+L77) -> 20636
A79: 760 | B79: =((B$83-B$73)/10+B78) -> 25860 | C79: =((C$83-C$73)/10+C78) -> 25365 | D79: =((D$83-D$73)/10+D78) -> 24870 | E79: =((E$83-E$73)/10+E78) -> 24375 | F79: =((F$83-F$73)/10+F78) -> 23880 | G79: =((G$83-G$73)/10+G78) -> 23385 | H79: =((H$83-H$73)/10+H78) -> 22890 | I79: =((I$83-I$73)/10+I78) -> 22395 | ... L79: =((L$83-L$73)/10+L78) -> 20910
A80: 770 | B80: =((B$83-B$73)/10+B79) -> 26134 | C80: =((C$83-C$73)/10+C79) -> 25639 | D80: =((D$83-D$73)/10+D79) -> 25144 | E80: =((E$83-E$73)/10+E79) -> 24649 | F80: =((F$83-F$73)/10+F79) -> 24154 | G80: =((G$83-G$73)/10+G79) -> 23659 | H80: =((H$83-H$73)/10+H79) -> 23164 | I80: =((I$83-I$73)/10+I79) -> 22669 | ... L80: =((L$83-L$73)/10+L79) -> 21184
A81: 780 | B81: =((B$83-B$73)/10+B80) -> 26408 | C81: =((C$83-C$73)/10+C80) -> 25913 | D81: =((D$83-D$73)/10+D80) -> 25418 | E81: =((E$83-E$73)/10+E80) -> 24923 | F81: =((F$83-F$73)/10+F80) -> 24428 | G81: =((G$83-G$73)/10+G80) -> 23933 | H81: =((H$83-H$73)/10+H80) -> 23438 | I81: =((I$83-I$73)/10+I80) -> 22943 | ... L81: =((L$83-L$73)/10+L80) -> 21458
A82: 790 | B82: =((B$83-B$73)/10+B81) -> 26682 | C82: =((C$83-C$73)/10+C81) -> 26187 | D82: =((D$83-D$73)/10+D81) -> 25692 | E82: =((E$83-E$73)/10+E81) -> 25197 | F82: =((F$83-F$73)/10+F81) -> 24702 | G82: =((G$83-G$73)/10+G81) -> 24207 | H82: =((H$83-H$73)/10+H81) -> 23712 | I82: =((I$83-I$73)/10+I81) -> 23217 | ... L82: =((L$83-L$73)/10+L81) -> 21732
A83: 800 | B83: 26956 | C83: 26461 | D83: 25966 | E83: 25471 | F83: 24976 | G83: 24481 | H83: 23986 | I83: 23491 | J83: 22996 | K83: 22501 | L83: 22006
A84: 810 | B84: =((B$93-B$83)/10+B83) -> 27230 | C84: =((C$93-C$83)/10+C83) -> 26735 | D84: =((D$93-D$83)/10+D83) -> 26240 | E84: =((E$93-E$83)/10+E83) -> 25745 | F84: =((F$93-F$83)/10+F83) -> 25250 | G84: =((G$93-G$83)/10+G83) -> 24755 | H84: =((H$93-H$83)/10+H83) -> 24260 | I84: =((I$93-I$83)/10+I83) -> 23765 | ... L84: =((L$93-L$83)/10+L83) -> 22280
A85: 820 | B85: =((B$93-B$83)/10+B84) -> 27504 | C85: =((C$93-C$83)/10+C84) -> 27009 | D85: =((D$93-D$83)/10+D84) -> 26514 | E85: =((E$93-E$83)/10+E84) -> 26019 | F85: =((F$93-F$83)/10+F84) -> 25524 | G85: =((G$93-G$83)/10+G84) -> 25029 | H85: =((H$93-H$83)/10+H84) -> 24534 | I85: =((I$93-I$83)/10+I84) -> 24039 | ... L85: =((L$93-L$83)/10+L84) -> 22554
A86: 830 | B86: =((B$93-B$83)/10+B85) -> 27778 | C86: =((C$93-C$83)/10+C85) -> 27283 | D86: =((D$93-D$83)/10+D85) -> 26788 | E86: =((E$93-E$83)/10+E85) -> 26293 | F86: =((F$93-F$83)/10+F85) -> 25798 | G86: =((G$93-G$83)/10+G85) -> 25303 | H86: =((H$93-H$83)/10+H85) -> 24808 | I86: =((I$93-I$83)/10+I85) -> 24313 | ... L86: =((L$93-L$83)/10+L85) -> 22828
A87: 840 | B87: =((B$93-B$83)/10+B86) -> 28052 | C87: =((C$93-C$83)/10+C86) -> 27557 | D87: =((D$93-D$83)/10+D86) -> 27062 | E87: =((E$93-E$83)/10+E86) -> 26567 | F87: =((F$93-F$83)/10+F86) -> 26072 | G87: =((G$93-G$83)/10+G86) -> 25577 | H87: =((H$93-H$83)/10+H86) -> 25082 | I87: =((I$93-I$83)/10+I86) -> 24587 | ... L87: =((L$93-L$83)/10+L86) -> 23102
A88: 850 | B88: =((B$93-B$83)/10+B87) -> 28326 | C88: =((C$93-C$83)/10+C87) -> 27831 | D88: =((D$93-D$83)/10+D87) -> 27336 | E88: =((E$93-E$83)/10+E87) -> 26841 | F88: =((F$93-F$83)/10+F87) -> 26346 | G88: =((G$93-G$83)/10+G87) -> 25851 | H88: =((H$93-H$83)/10+H87) -> 25356 | I88: =((I$93-I$83)/10+I87) -> 24861 | ... L88: =((L$93-L$83)/10+L87) -> 23376
A89: 860 | B89: =((B$93-B$83)/10+B88) -> 28600 | C89: =((C$93-C$83)/10+C88) -> 28105 | D89: =((D$93-D$83)/10+D88) -> 27610 | E89: =((E$93-E$83)/10+E88) -> 27115 | F89: =((F$93-F$83)/10+F88) -> 26620 | G89: =((G$93-G$83)/10+G88) -> 26125 | H89: =((H$93-H$83)/10+H88) -> 25630 | I89: =((I$93-I$83)/10+I88) -> 25135 | ... L89: =((L$93-L$83)/10+L88) -> 23650
A90: 870 | B90: =((B$93-B$83)/10+B89) -> 28874 | C90: =((C$93-C$83)/10+C89) -> 28379 | D90: =((D$93-D$83)/10+D89) -> 27884 | E90: =((E$93-E$83)/10+E89) -> 27389 | F90: =((F$93-F$83)/10+F89) -> 26894 | G90: =((G$93-G$83)/10+G89) -> 26399 | H90: =((H$93-H$83)/10+H89) -> 25904 | I90: =((I$93-I$83)/10+I89) -> 25409 | ... L90: =((L$93-L$83)/10+L89) -> 23924
A91: 880 | B91: =((B$93-B$83)/10+B90) -> 29148 | C91: =((C$93-C$83)/10+C90) -> 28653 | D91: =((D$93-D$83)/10+D90) -> 28158 | E91: =((E$93-E$83)/10+E90) -> 27663 | F91: =((F$93-F$83)/10+F90) -> 27168 | G91: =((G$93-G$83)/10+G90) -> 26673 | H91: =((H$93-H$83)/10+H90) -> 26178 | I91: =((I$93-I$83)/10+I90) -> 25683 | ... L91: =((L$93-L$83)/10+L90) -> 24198
A92: 890 | B92: =((B$93-B$83)/10+B91) -> 29422 | C92: =((C$93-C$83)/10+C91) -> 28927 | D92: =((D$93-D$83)/10+D91) -> 28432 | E92: =((E$93-E$83)/10+E91) -> 27937 | F92: =((F$93-F$83)/10+F91) -> 27442 | G92: =((G$93-G$83)/10+G91) -> 26947 | H92: =((H$93-H$83)/10+H91) -> 26452 | I92: =((I$93-I$83)/10+I91) -> 25957 | ... L92: =((L$93-L$83)/10+L91) -> 24472
A93: 900 | B93: 29696 | C93: 29201 | D93: 28706 | E93: 28211 | F93: 27716 | G93: 27221 | H93: 26726 | I93: 26231 | J93: 25736 | K93: 25241 | L93: 24746
A94: 910 | B94: =((B$103-B$93)/10+B93) -> 29970 | C94: =((C$103-C$93)/10+C93) -> 29475 | D94: =((D$103-D$93)/10+D93) -> 28980 | E94: =((E$103-E$93)/10+E93) -> 28485 | F94: =((F$103-F$93)/10+F93) -> 27990 | G94: =((G$103-G$93)/10+G93) -> 27495 | H94: =((H$103-H$93)/10+H93) -> 27000 | I94: =((I$103-I$93)/10+I93) -> 26505 | ... L94: =((L$103-L$93)/10+L93) -> 25020
A95: 920 | B95: =((B$103-B$93)/10+B94) -> 30244 | C95: =((C$103-C$93)/10+C94) -> 29749 | D95: =((D$103-D$93)/10+D94) -> 29254 | E95: =((E$103-E$93)/10+E94) -> 28759 | F95: =((F$103-F$93)/10+F94) -> 28264 | G95: =((G$103-G$93)/10+G94) -> 27769 | H95: =((H$103-H$93)/10+H94) -> 27274 | I95: =((I$103-I$93)/10+I94) -> 26779 | ... L95: =((L$103-L$93)/10+L94) -> 25294
A96: 930 | B96: =((B$103-B$93)/10+B95) -> 30518 | C96: =((C$103-C$93)/10+C95) -> 30023 | D96: =((D$103-D$93)/10+D95) -> 29528 | E96: =((E$103-E$93)/10+E95) -> 29033 | F96: =((F$103-F$93)/10+F95) -> 28538 | G96: =((G$103-G$93)/10+G95) -> 28043 | H96: =((H$103-H$93)/10+H95) -> 27548 | I96: =((I$103-I$93)/10+I95) -> 27053 | ... L96: =((L$103-L$93)/10+L95) -> 25568
A97: 940 | B97: =((B$103-B$93)/10+B96) -> 30792 | C97: =((C$103-C$93)/10+C96) -> 30297 | D97: =((D$103-D$93)/10+D96) -> 29802 | E97: =((E$103-E$93)/10+E96) -> 29307 | F97: =((F$103-F$93)/10+F96) -> 28812 | G97: =((G$103-G$93)/10+G96) -> 28317 | H97: =((H$103-H$93)/10+H96) -> 27822 | I97: =((I$103-I$93)/10+I96) -> 27327 | ... L97: =((L$103-L$93)/10+L96) -> 25842
A98: 950 | B98: =((B$103-B$93)/10+B97) -> 31066 | C98: =((C$103-C$93)/10+C97) -> 30571 | D98: =((D$103-D$93)/10+D97) -> 30076 | E98: =((E$103-E$93)/10+E97) -> 29581 | F98: =((F$103-F$93)/10+F97) -> 29086 | G98: =((G$103-G$93)/10+G97) -> 28591 | H98: =((H$103-H$93)/10+H97) -> 28096 | I98: =((I$103-I$93)/10+I97) -> 27601 | ... L98: =((L$103-L$93)/10+L97) -> 26116
A99: 960 | B99: =((B$103-B$93)/10+B98) -> 31340 | C99: =((C$103-C$93)/10+C98) -> 30845 | D99: =((D$103-D$93)/10+D98) -> 30350 | E99: =((E$103-E$93)/10+E98) -> 29855 | F99: =((F$103-F$93)/10+F98) -> 29360 | G99: =((G$103-G$93)/10+G98) -> 28865 | H99: =((H$103-H$93)/10+H98) -> 28370 | I99: =((I$103-I$93)/10+I98) -> 27875 | ... L99: =((L$103-L$93)/10+L98) -> 26390
A100: 970 | B100: =((B$103-B$93)/10+B99) -> 31614 | C100: =((C$103-C$93)/10+C99) -> 31119 | D100: =((D$103-D$93)/10+D99) -> 30624 | E100: =((E$103-E$93)/10+E99) -> 30129 | F100: =((F$103-F$93)/10+F99) -> 29634 | G100: =((G$103-G$93)/10+G99) -> 29139 | H100: =((H$103-H$93)/10+H99) -> 28644 | I100: =((I$103-I$93)/10+I99) -> 28149 | ... L100: =((L$103-L$93)/10+L99) -> 26664
...

Sheet ARM
A1: ALTURA | B1: TRIM TQ ARMAZ
B2: -50 | C2: -40 | D2: -30 | E2: -20 | F2: -10 | G2: 0 | H2: 10 | I2: 20 | J2: 30 | K2: 40 | L2: 50
A3: 0 | B3: 14 | C3: 14 | D3: 14 | E3: 14 | F3: 14 | G3: 14 | H3: 14 | I3: 14 | J3: 14 | K3: 14 | L3: 14
A4: 10 | B4: =((B$13-B$3)/10)+B3 -> 21.2 | C4: =((C$13-C$3)/10)+C3 -> 21.3 | D4: =((D$13-D$3)/10)+D3 -> 21.4 | E4: =((E$13-E$3)/10)+E3 -> 21.5 | F4: =((F$13-F$3)/10)+F3 -> 21.6 | G4: =((G$13-G$3)/10)+G3 -> 21.7 | H4: =((H$13-H$3)/10)+H3 -> 21.8 | I4: =((I$13-I$3)/10)+I3 -> 21.9 | ... L4: =((L$13-L$3)/10)+L3 -> 22.5
A5: 20 | B5: =((B$13-B$3)/10)+B4 -> 28.4 | C5: =((C$13-C$3)/10)+C4 -> 28.6 | D5: =((D$13-D$3)/10)+D4 -> 28.8 | E5: =((E$13-E$3)/10)+E4 -> 29 | F5: =((F$13-F$3)/10)+F4 -> 29.2 | G5: =((G$13-G$3)/10)+G4 -> 29.4 | H5: =((H$13-H$3)/10)+H4 -> 29.6 | I5: =((I$13-I$3)/10)+I4 -> 29.8 | ... L5: =((L$13-L$3)/10)+L4 -> 31
A6: 30 | B6: =((B$13-B$3)/10)+B5 -> 35.6 | C6: =((C$13-C$3)/10)+C5 -> 35.9 | D6: =((D$13-D$3)/10)+D5 -> 36.2 | E6: =((E$13-E$3)/10)+E5 -> 36.5 | F6: =((F$13-F$3)/10)+F5 -> 36.8 | G6: =((G$13-G$3)/10)+G5 -> 37.1 | H6: =((H$13-H$3)/10)+H5 -> 37.4 | I6: =((I$13-I$3)/10)+I5 -> 37.7 | ... L6: =((L$13-L$3)/10)+L5 -> 39.5
A7: 40 | B7: =((B$13-B$3)/10)+B6 -> 42.8 | C7: =((C$13-C$3)/10)+C6 -> 43.2 | D7: =((D$13-D$3)/10)+D6 -> 43.6 | E7: =((E$13-E$3)/10)+E6 -> 44 | F7: =((F$13-F$3)/10)+F6 -> 44.4 | G7: =((G$13-G$3)/10)+G6 -> 44.8 | H7: =((H$13-H$3)/10)+H6 -> 45.2 | I7: =((I$13-I$3)/10)+I6 -> 45.6 | ... L7: =((L$13-L$3)/10)+L6 -> 48
A8: 50 | B8: =((B$13-B$3)/10)+B7 -> 50 | C8: =((C$13-C$3)/10)+C7 -> 50.5 | D8: =((D$13-D$3)/10)+D7 -> 51 | E8: =((E$13-E$3)/10)+E7 -> 51.5 | F8: =((F$13-F$3)/10)+F7 -> 52 | G8: =((G$13-G$3)/10)+G7 -> 52.5 | H8: =((H$13-H$3)/10)+H7 -> 53 | I8: =((I$13-I$3)/10)+I7 -> 53.5 | ... L8: =((L$13-L$3)/10)+L7 -> 56.5
A9: 60 | B9: =((B$13-B$3)/10)+B8 -> 57.2 | C9: =((C$13-C$3)/10)+C8 -> 57.8 | D9: =((D$13-D$3)/10)+D8 -> 58.4 | E9: =((E$13-E$3)/10)+E8 -> 59 | F9: =((F$13-F$3)/10)+F8 -> 59.6 | G9: =((G$13-G$3)/10)+G8 -> 60.2 | H9: =((H$13-H$3)/10)+H8 -> 60.8 | I9: =((I$13-I$3)/10)+I8 -> 61.4 | ... L9: =((L$13-L$3)/10)+L8 -> 65
A10: 70 | B10: =((B$13-B$3)/10)+B9 -> 64.4 | C10: =((C$13-C$3)/10)+C9 -> 65.1 | D10: =((D$13-D$3)/10)+D9 -> 65.8 | E10: =((E$13-E$3)/10)+E9 -> 66.5 | F10: =((F$13-F$3)/10)+F9 -> 67.2 | G10: =((G$13-G$3)/10)+G9 -> 67.9 | H10: =((H$13-H$3)/10)+H9 -> 68.6 | I10: =((I$13-I$3)/10)+I9 -> 69.3 | ... L10: =((L$13-L$3)/10)+L9 -> 73.5
A11: 80 | B11: =((B$13-B$3)/10)+B10 -> 71.6 | C11: =((C$13-C$3)/10)+C10 -> 72.4 | D11: =((D$13-D$3)/10)+D10 -> 73.2 | E11: =((E$13-E$3)/10)+E10 -> 74 | F11: =((F$13-F$3)/10)+F10 -> 74.8 | G11: =((G$13-G$3)/10)+G10 -> 75.6 | H11: =((H$13-H$3)/10)+H10 -> 76.4 | I11: =((I$13-I$3)/10)+I10 -> 77.2 | ... L11: =((L$13-L$3)/10)+L10 -> 82
A12: 90 | B12: =((B$13-B$3)/10)+B11 -> 78.8 | C12: =((C$13-C$3)/10)+C11 -> 79.7 | D12: =((D$13-D$3)/10)+D11 -> 80.6 | E12: =((E$13-E$3)/10)+E11 -> 81.5 | F12: =((F$13-F$3)/10)+F11 -> 82.4 | G12: =((G$13-G$3)/10)+G11 -> 83.3 | H12: =((H$13-H$3)/10)+H11 -> 84.2 | I12: =((I$13-I$3)/10)+I11 -> 85.1 | ... L12: =((L$13-L$3)/10)+L11 -> 90.5
A13: 100 | B13: 86 | C13: 87 | D13: 88 | E13: 89 | F13: 90 | G13: 91 | H13: 92 | I13: 93 | J13: 96 | K13: 97 | L13: 99
A14: 110 | B14: =((B$23-B$13)/10)+B13 -> 102.8 | C14: =((C$23-C$13)/10)+C13 -> 104 | D14: =((D$23-D$13)/10)+D13 -> 105.3 | E14: =((E$23-E$13)/10)+E13 -> 106.6 | F14: =((F$23-F$13)/10)+F13 -> 107.9 | G14: =((G$23-G$13)/10)+G13 -> 109.2 | H14: =((H$23-H$13)/10)+H13 -> 110.6 | I14: =((I$23-I$13)/10)+I13 -> 112 | ... L14: =((L$23-L$13)/10)+L13 -> 119.1
A15: 120 | B15: =((B$23-B$13)/10)+B14 -> 119.6 | C15: =((C$23-C$13)/10)+C14 -> 121 | D15: =((D$23-D$13)/10)+D14 -> 122.6 | E15: =((E$23-E$13)/10)+E14 -> 124.2 | F15: =((F$23-F$13)/10)+F14 -> 125.8 | G15: =((G$23-G$13)/10)+G14 -> 127.4 | H15: =((H$23-H$13)/10)+H14 -> 129.2 | I15: =((I$23-I$13)/10)+I14 -> 131 | ... L15: =((L$23-L$13)/10)+L14 -> 139.2
A16: 130 | B16: =((B$23-B$13)/10)+B15 -> 136.4 | C16: =((C$23-C$13)/10)+C15 -> 138 | D16: =((D$23-D$13)/10)+D15 -> 139.9 | E16: =((E$23-E$13)/10)+E15 -> 141.8 | F16: =((F$23-F$13)/10)+F15 -> 143.7 | G16: =((G$23-G$13)/10)+G15 -> 145.6 | H16: =((H$23-H$13)/10)+H15 -> 147.8 | I16: =((I$23-I$13)/10)+I15 -> 150 | ... L16: =((L$23-L$13)/10)+L15 -> 159.3
A17: 140 | B17: =((B$23-B$13)/10)+B16 -> 153.2 | C17: =((C$23-C$13)/10)+C16 -> 155 | D17: =((D$23-D$13)/10)+D16 -> 157.2 | E17: =((E$23-E$13)/10)+E16 -> 159.4 | F17: =((F$23-F$13)/10)+F16 -> 161.6 | G17: =((G$23-G$13)/10)+G16 -> 163.8 | H17: =((H$23-H$13)/10)+H16 -> 166.4 | I17: =((I$23-I$13)/10)+I16 -> 169 | ... L17: =((L$23-L$13)/10)+L16 -> 179.4
A18: 150 | B18: =((B$23-B$13)/10)+B17 -> 170 | C18: =((C$23-C$13)/10)+C17 -> 172 | D18: =((D$23-D$13)/10)+D17 -> 174.5 | E18: =((E$23-E$13)/10)+E17 -> 177 | F18: =((F$23-F$13)/10)+F17 -> 179.5 | G18: =((G$23-G$13)/10)+G17 -> 182 | H18: =((H$23-H$13)/10)+H17 -> 185 | I18: =((I$23-I$13)/10)+I17 -> 188 | ... L18: =((L$23-L$13)/10)+L17 -> 199.5
A19: 160 | B19: =((B$23-B$13)/10)+B18 -> 186.8 | C19: =((C$23-C$13)/10)+C18 -> 189 | D19: =((D$23-D$13)/10)+D18 -> 191.8 | E19: =((E$23-E$13)/10)+E18 -> 194.6 | F19: =((F$23-F$13)/10)+F18 -> 197.4 | G19: =((G$23-G$13)/10)+G18 -> 200.2 | H19: =((H$23-H$13)/10)+H18 -> 203.6 | I19: =((I$23-I$13)/10)+I18 -> 207 | ... L19: =((L$23-L$13)/10)+L18 -> 219.6
A20: 170 | B20: =((B$23-B$13)/10)+B19 -> 203.6 | C20: =((C$23-C$13)/10)+C19 -> 206 | D20: =((D$23-D$13)/10)+D19 -> 209.1 | E20: =((E$23-E$13)/10)+E19 -> 212.2 | F20: =((F$23-F$13)/10)+F19 -> 215.3 | G20: =((G$23-G$13)/10)+G19 -> 218.4 | H20: =((H$23-H$13)/10)+H19 -> 222.2 | I20: =((I$23-I$13)/10)+I19 -> 226 | ... L20: =((L$23-L$13)/10)+L19 -> 239.7
A21: 180 | B21: =((B$23-B$13)/10)+B20 -> 220.4 | C21: =((C$23-C$13)/10)+C20 -> 223 | D21: =((D$23-D$13)/10)+D20 -> 226.4 | E21: =((E$23-E$13)/10)+E20 -> 229.8 | F21: =((F$23-F$13)/10)+F20 -> 233.2 | G21: =((G$23-G$13)/10)+G20 -> 236.6 | H21: =((H$23-H$13)/10)+H20 -> 240.8 | I21: =((I$23-I$13)/10)+I20 -> 245 | ... L21: =((L$23-L$13)/10)+L20 -> 259.8
A22: 190 | B22: =((B$23-B$13)/10)+B21 -> 237.2 | C22: =((C$23-C$13)/10)+C21 -> 240 | D22: =((D$23-D$13)/10)+D21 -> 243.7 | E22: =((E$23-E$13)/10)+E21 -> 247.4 | F22: =((F$23-F$13)/10)+F21 -> 251.1 | G22: =((G$23-G$13)/10)+G21 -> 254.8 | H22: =((H$23-H$13)/10)+H21 -> 259.4 | I22: =((I$23-I$13)/10)+I21 -> 264 | ... L22: =((L$23-L$13)/10)+L21 -> 279.9
A23: 200 | B23: 254 | C23: 257 | D23: 261 | E23: 265 | F23: 269 | G23: 273 | H23: 278 | I23: 283 | J23: 288 | K23: 294 | L23: 300
A24: 210 | B24: =((B$33-B$23)/10)+B23 -> 283.9 | C24: =((C$33-C$23)/10)+C23 -> 287.5 | D24: =((D$33-D$23)/10)+D23 -> 292 | E24: =((E$33-E$23)/10)+E23 -> 296.4 | F24: =((F$33-F$23)/10)+F23 -> 301 | G24: =((G$33-G$23)/10)+G23 -> 305.5 | H24: =((H$33-H$23)/10)+H23 -> 311 | I24: =((I$33-I$23)/10)+I23 -> 316.5 | ... L24: =((L$33-L$23)/10)+L23 -> 335.1
A25: 220 | B25: =((B$33-B$23)/10)+B24 -> 313.8 | C25: =((C$33-C$23)/10)+C24 -> 318 | D25: =((D$33-D$23)/10)+D24 -> 323 | E25: =((E$33-E$23)/10)+E24 -> 327.8 | F25: =((F$33-F$23)/10)+F24 -> 333 | G25: =((G$33-G$23)/10)+G24 -> 338 | H25: =((H$33-H$23)/10)+H24 -> 344 | I25: =((I$33-I$23)/10)+I24 -> 350 | ... L25: =((L$33-L$23)/10)+L24 -> 370.2
A26: 230 | B26: =((B$33-B$23)/10)+B25 -> 343.7 | C26: =((C$33-C$23)/10)+C25 -> 348.5 | D26: =((D$33-D$23)/10)+D25 -> 354 | E26: =((E$33-E$23)/10)+E25 -> 359.2 | F26: =((F$33-F$23)/10)+F25 -> 365 | G26: =((G$33-G$23)/10)+G25 -> 370.5 | H26: =((H$33-H$23)/10)+H25 -> 377 | I26: =((I$33-I$23)/10)+I25 -> 383.5 | ... L26: =((L$33-L$23)/10)+L25 -> 405.3
A27: 240 | B27: =((B$33-B$23)/10)+B26 -> 373.6 | C27: =((C$33-C$23)/10)+C26 -> 379 | D27: =((D$33-D$23)/10)+D26 -> 385 | E27: =((E$33-E$23)/10)+E26 -> 390.6 | F27: =((F$33-F$23)/10)+F26 -> 397 | G27: =((G$33-G$23)/10)+G26 -> 403 | H27: =((H$33-H$23)/10)+H26 -> 410 | I27: =((I$33-I$23)/10)+I26 -> 417 | ... L27: =((L$33-L$23)/10)+L26 -> 440.4
A28: 250 | B28: =((B$33-B$23)/10)+B27 -> 403.5 | C28: =((C$33-C$23)/10)+C27 -> 409.5 | D28: =((D$33-D$23)/10)+D27 -> 416 | E28: =((E$33-E$23)/10)+E27 -> 422 | F28: =((F$33-F$23)/10)+F27 -> 429 | G28: =((G$33-G$23)/10)+G27 -> 435.5 | H28: =((H$33-H$23)/10)+H27 -> 443 | I28: =((I$33-I$23)/10)+I27 -> 450.5 | ... L28: =((L$33-L$23)/10)+L27 -> 475.5
A29: 260 | B29: =((B$33-B$23)/10)+B28 -> 433.4 | C29: =((C$33-C$23)/10)+C28 -> 440 | D29: =((D$33-D$23)/10)+D28 -> 447 | E29: =((E$33-E$23)/10)+E28 -> 453.4 | F29: =((F$33-F$23)/10)+F28 -> 461 | G29: =((G$33-G$23)/10)+G28 -> 468 | H29: =((H$33-H$23)/10)+H28 -> 476 | I29: =((I$33-I$23)/10)+I28 -> 484 | ... L29: =((L$33-L$23)/10)+L28 -> 510.6
A30: 270 | B30: =((B$33-B$23)/10)+B29 -> 463.3 | C30: =((C$33-C$23)/10)+C29 -> 470.5 | D30: =((D$33-D$23)/10)+D29 -> 478 | E30: =((E$33-E$23)/10)+E29 -> 484.8 | F30: =((F$33-F$23)/10)+F29 -> 493 | G30: =((G$33-G$23)/10)+G29 -> 500.5 | H30: =((H$33-H$23)/10)+H29 -> 509 | I30: =((I$33-I$23)/10)+I29 -> 517.5 | ... L30: =((L$33-L$23)/10)+L29 -> 545.7
A31: 280 | B31: =((B$33-B$23)/10)+B30 -> 493.2 | C31: =((C$33-C$23)/10)+C30 -> 501 | D31: =((D$33-D$23)/10)+D30 -> 509 | E31: =((E$33-E$23)/10)+E30 -> 516.2 | F31: =((F$33-F$23)/10)+F30 -> 525 | G31: =((G$33-G$23)/10)+G30 -> 533 | H31: =((H$33-H$23)/10)+H30 -> 542 | I31: =((I$33-I$23)/10)+I30 -> 551 | ... L31: =((L$33-L$23)/10)+L30 -> 580.8
A32: 290 | B32: =((B$33-B$23)/10)+B31 -> 523.1 | C32: =((C$33-C$23)/10)+C31 -> 531.5 | D32: =((D$33-D$23)/10)+D31 -> 540 | E32: =((E$33-E$23)/10)+E31 -> 547.6 | F32: =((F$33-F$23)/10)+F31 -> 557 | G32: =((G$33-G$23)/10)+G31 -> 565.5 | H32: =((H$33-H$23)/10)+H31 -> 575 | I32: =((I$33-I$23)/10)+I31 -> 584.5 | ... L32: =((L$33-L$23)/10)+L31 -> 615.9
A33: 300 | B33: 553 | C33: 562 | D33: 571 | E33: 579 | F33: 589 | G33: 598 | H33: 608 | I33: 618 | J33: 629 | K33: 640 | L33: 651
A34: 310 | B34: =((B$43-B$33)/10)+B33 -> 597.5 | C34: =((C$43-C$33)/10)+C33 -> 607 | D34: =((D$43-D$33)/10)+D33 -> 616.5 | E34: =((E$43-E$33)/10)+E33 -> 625.1 | F34: =((F$43-F$33)/10)+F33 -> 635.6 | G34: =((G$43-G$33)/10)+G33 -> 645.3 | H34: =((H$43-H$33)/10)+H33 -> 655.8 | I34: =((I$43-I$33)/10)+I33 -> 666.4 | ... L34: =((L$43-L$33)/10)+L33 -> 701.1
A35: 320 | B35: =((B$43-B$33)/10)+B34 -> 642 | C35: =((C$43-C$33)/10)+C34 -> 652 | D35: =((D$43-D$33)/10)+D34 -> 662 | E35: =((E$43-E$33)/10)+E34 -> 671.2 | F35: =((F$43-F$33)/10)+F34 -> 682.2 | G35: =((G$43-G$33)/10)+G34 -> 692.6 | H35: =((H$43-H$33)/10)+H34 -> 703.6 | I35: =((I$43-I$33)/10)+I34 -> 714.8 | ... L35: =((L$43-L$33)/10)+L34 -> 751.2
A36: 330 | B36: =((B$43-B$33)/10)+B35 -> 686.5 | C36: =((C$43-C$33)/10)+C35 -> 697 | D36: =((D$43-D$33)/10)+D35 -> 707.5 | E36: =((E$43-E$33)/10)+E35 -> 717.3 | F36: =((F$43-F$33)/10)+F35 -> 728.8 | G36: =((G$43-G$33)/10)+G35 -> 739.9 | H36: =((H$43-H$33)/10)+H35 -> 751.4 | I36: =((I$43-I$33)/10)+I35 -> 763.2 | ... L36: =((L$43-L$33)/10)+L35 -> 801.3
A37: 340 | B37: =((B$43-B$33)/10)+B36 -> 731 | C37: =((C$43-C$33)/10)+C36 -> 742 | D37: =((D$43-D$33)/10)+D36 -> 753 | E37: =((E$43-E$33)/10)+E36 -> 763.4 | F37: =((F$43-F$33)/10)+F36 -> 775.4 | G37: =((G$43-G$33)/10)+G36 -> 787.2 | H37: =((H$43-H$33)/10)+H36 -> 799.2 | I37: =((I$43-I$33)/10)+I36 -> 811.6 | ... L37: =((L$43-L$33)/10)+L36 -> 851.4
A38: 350 | B38: =((B$43-B$33)/10)+B37 -> 775.5 | C38: =((C$43-C$33)/10)+C37 -> 787 | D38: =((D$43-D$33)/10)+D37 -> 798.5 | E38: =((E$43-E$33)/10)+E37 -> 809.5 | F38: =((F$43-F$33)/10)+F37 -> 822 | G38: =((G$43-G$33)/10)+G37 -> 834.5 | H38: =((H$43-H$33)/10)+H37 -> 847 | I38: =((I$43-I$33)/10)+I37 -> 860 | ... L38: =((L$43-L$33)/10)+L37 -> 901.5
A39: 360 | B39: =((B$43-B$33)/10)+B38 -> 820 | C39: =((C$43-C$33)/10)+C38 -> 832 | D39: =((D$43-D$33)/10)+D38 -> 844 | E39: =((E$43-E$33)/10)+E38 -> 855.6 | F39: =((F$43-F$33)/10)+F38 -> 868.6 | G39: =((G$43-G$33)/10)+G38 -> 881.8 | H39: =((H$43-H$33)/10)+H38 -> 894.8 | I39: =((I$43-I$33)/10)+I38 -> 908.4 | ... L39: =((L$43-L$33)/10)+L38 -> 951.6
A40: 370 | B40: =((B$43-B$33)/10)+B39 -> 864.5 | C40: =((C$43-C$33)/10)+C39 -> 877 | D40: =((D$43-D$33)/10)+D39 -> 889.5 | E40: =((E$43-E$33)/10)+E39 -> 901.7 | F40: =((F$43-F$33)/10)+F39 -> 915.2 | G40: =((G$43-G$33)/10)+G39 -> 929.1 | H40: =((H$43-H$33)/10)+H39 -> 942.6 | I40: =((I$43-I$33)/10)+I39 -> 956.8 | ... L40: =((L$43-L$33)/10)+L39 -> 1001.7
A41: 380 | B41: =((B$43-B$33)/10)+B40 -> 909 | C41: =((C$43-C$33)/10)+C40 -> 922 | D41: =((D$43-D$33)/10)+D40 -> 935 | E41: =((E$43-E$33)/10)+E40 -> 947.8 | F41: =((F$43-F$33)/10)+F40 -> 961.8 | G41: =((G$43-G$33)/10)+G40 -> 976.4 | H41: =((H$43-H$33)/10)+H40 -> 990.4 | I41: =((I$43-I$33)/10)+I40 -> 1005.2 | ... L41: =((L$43-L$33)/10)+L40 -> 1051.8
A42: 390 | B42: =((B$43-B$33)/10)+B41 -> 953.5 | C42: =((C$43-C$33)/10)+C41 -> 967 | D42: =((D$43-D$33)/10)+D41 -> 980.5 | E42: =((E$43-E$33)/10)+E41 -> 993.9 | F42: =((F$43-F$33)/10)+F41 -> 1008.4 | G42: =((G$43-G$33)/10)+G41 -> 1023.7 | H42: =((H$43-H$33)/10)+H41 -> 1038.2 | I42: =((I$43-I$33)/10)+I41 -> 1053.6 | ... L42: =((L$43-L$33)/10)+L41 -> 1101.9
A43: 400 | B43: 998 | C43: 1012 | D43: 1026 | E43: 1040 | F43: 1055 | G43: 1071 | H43: 1086 | I43: 1102 | J43: 1118 | K43: 1135 | L43: 1152
A44: 410 | B44: =((B$53-B$43)/10)+B43 -> 1056.1 | C44: =((C$53-C$43)/10)+C43 -> 1070.7 | D44: =((D$53-D$43)/10)+D43 -> 1085.3 | E44: =((E$53-E$43)/10)+E43 -> 1100 | F44: =((F$53-F$43)/10)+F43 -> 1115.5 | G44: =((G$53-G$43)/10)+G43 -> 1132 | H44: =((H$53-H$43)/10)+H43 -> 1147.7 | I44: =((I$53-I$43)/10)+I43 -> 1236.5 | ... L44: =((L$53-L$43)/10)+L43 -> 1215.9
A45: 420 | B45: =((B$53-B$43)/10)+B44 -> 1114.2 | C45: =((C$53-C$43)/10)+C44 -> 1129.4 | D45: =((D$53-D$43)/10)+D44 -> 1144.6 | E45: =((E$53-E$43)/10)+E44 -> 1160 | F45: =((F$53-F$43)/10)+F44 -> 1176 | G45: =((G$53-G$43)/10)+G44 -> 1193 | H45: =((H$53-H$43)/10)+H44 -> 1209.4 | I45: =((I$53-I$43)/10)+I44 -> 1371 | ... L45: =((L$53-L$43)/10)+L44 -> 1279.8
A46: 430 | B46: =((B$53-B$43)/10)+B45 -> 1172.3 | C46: =((C$53-C$43)/10)+C45 -> 1188.1 | D46: =((D$53-D$43)/10)+D45 -> 1203.9 | E46: =((E$53-E$43)/10)+E45 -> 1220 | F46: =((F$53-F$43)/10)+F45 -> 1236.5 | G46: =((G$53-G$43)/10)+G45 -> 1254 | H46: =((H$53-H$43)/10)+H45 -> 1271.1 | I46: =((I$53-I$43)/10)+I45 -> 1505.5 | ... L46: =((L$53-L$43)/10)+L45 -> 1343.7
A47: 440 | B47: =((B$53-B$43)/10)+B46 -> 1230.4 | C47: =((C$53-C$43)/10)+C46 -> 1246.8 | D47: =((D$53-D$43)/10)+D46 -> 1263.2 | E47: =((E$53-E$43)/10)+E46 -> 1280 | F47: =((F$53-F$43)/10)+F46 -> 1297 | G47: =((G$53-G$43)/10)+G46 -> 1315 | H47: =((H$53-H$43)/10)+H46 -> 1332.8 | I47: =((I$53-I$43)/10)+I46 -> 1640 | ... L47: =((L$53-L$43)/10)+L46 -> 1407.6
A48: 450 | B48: =((B$53-B$43)/10)+B47 -> 1288.5 | C48: =((C$53-C$43)/10)+C47 -> 1305.5 | D48: =((D$53-D$43)/10)+D47 -> 1322.5 | E48: =((E$53-E$43)/10)+E47 -> 1340 | F48: =((F$53-F$43)/10)+F47 -> 1357.5 | G48: =((G$53-G$43)/10)+G47 -> 1376 | H48: =((H$53-H$43)/10)+H47 -> 1394.5 | I48: =((I$53-I$43)/10)+I47 -> 1774.5 | ... L48: =((L$53-L$43)/10)+L47 -> 1471.5
A49: 460 | B49: =((B$53-B$43)/10)+B48 -> 1346.6 | C49: =((C$53-C$43)/10)+C48 -> 1364.2 | D49: =((D$53-D$43)/10)+D48 -> 1381.8 | E49: =((E$53-E$43)/10)+E48 -> 1400 | F49: =((F$53-F$43)/10)+F48 -> 1418 | G49: =((G$53-G$43)/10)+G48 -> 1437 | H49: =((H$53-H$43)/10)+H48 -> 1456.2 | I49: =((I$53-I$43)/10)+I48 -> 1909 | ... L49: =((L$53-L$43)/10)+L48 -> 1535.4
A50: 470 | B50: =((B$53-B$43)/10)+B49 -> 1404.7 | C50: =((C$53-C$43)/10)+C49 -> 1422.9 | D50: =((D$53-D$43)/10)+D49 -> 1441.1 | E50: =((E$53-E$43)/10)+E49 -> 1460 | F50: =((F$53-F$43)/10)+F49 -> 1478.5 | G50: =((G$53-G$43)/10)+G49 -> 1498 | H50: =((H$53-H$43)/10)+H49 -> 1517.9 | I50: =((I$53-I$43)/10)+I49 -> 2043.5 | ... L50: =((L$53-L$43)/10)+L49 -> 1599.3
A51: 480 | B51: =((B$53-B$43)/10)+B50 -> 1462.8 | C51: =((C$53-C$43)/10)+C50 -> 1481.6 | D51: =((D$53-D$43)/10)+D50 -> 1500.4 | E51: =((E$53-E$43)/10)+E50 -> 1520 | F51: =((F$53-F$43)/10)+F50 -> 1539 | G51: =((G$53-G$43)/10)+G50 -> 1559 | H51: =((H$53-H$43)/10)+H50 -> 1579.6 | I51: =((I$53-I$43)/10)+I50 -> 2178 | ... L51: =((L$53-L$43)/10)+L50 -> 1663.2
A52: 490 | B52: =((B$53-B$43)/10)+B51 -> 1520.9 | C52: =((C$53-C$43)/10)+C51 -> 1540.3 | D52: =((D$53-D$43)/10)+D51 -> 1559.7 | E52: =((E$53-E$43)/10)+E51 -> 1580 | F52: =((F$53-F$43)/10)+F51 -> 1599.5 | G52: =((G$53-G$43)/10)+G51 -> 1620 | H52: =((H$53-H$43)/10)+H51 -> 1641.3 | I52: =((I$53-I$43)/10)+I51 -> 2312.5 | ... L52: =((L$53-L$43)/10)+L51 -> 1727.1
A53: 500 | B53: 1579 | C53: 1599 | D53: 1619 | E53: 1640 | F53: 1660 | G53: 1681 | H53: 1703 | I53: 2447 | J53: 1746 | K53: 1769 | L53: 1791
A54: 510 | B54: =((B$63-B$53)/10+B53) -> 1647.9 | C54: =((C$63-C$53)/10+C53) -> 1668.3 | D54: =((D$63-D$53)/10+D53) -> 1688.8 | E54: =((E$63-E$53)/10+E53) -> 1710.3 | F54: =((F$63-F$53)/10+F53) -> 1730.8 | G54: =((G$63-G$53)/10+G53) -> 1752.3 | H54: =((H$63-H$53)/10+H53) -> 1774.8 | I54: =((I$63-I$53)/10+I53) -> 2525.4 | ... L54: =((L$63-L$53)/10+L53) -> 1864.7
A55: 520 | B55: =((B$63-B$53)/10+B54) -> 1716.8 | C55: =((C$63-C$53)/10+C54) -> 1737.6 | D55: =((D$63-D$53)/10+D54) -> 1758.6 | E55: =((E$63-E$53)/10+E54) -> 1780.6 | F55: =((F$63-F$53)/10+F54) -> 1801.6 | G55: =((G$63-G$53)/10+G54) -> 1823.6 | H55: =((H$63-H$53)/10+H54) -> 1846.6 | I55: =((I$63-I$53)/10+I54) -> 2603.8 | ... L55: =((L$63-L$53)/10+L54) -> 1938.4
A56: 530 | B56: =((B$63-B$53)/10+B55) -> 1785.7 | C56: =((C$63-C$53)/10+C55) -> 1806.9 | D56: =((D$63-D$53)/10+D55) -> 1828.4 | E56: =((E$63-E$53)/10+E55) -> 1850.9 | F56: =((F$63-F$53)/10+F55) -> 1872.4 | G56: =((G$63-G$53)/10+G55) -> 1894.9 | H56: =((H$63-H$53)/10+H55) -> 1918.4 | I56: =((I$63-I$53)/10+I55) -> 2682.2 | ... L56: =((L$63-L$53)/10+L55) -> 2012.1
A57: 540 | B57: =((B$63-B$53)/10+B56) -> 1854.6 | C57: =((C$63-C$53)/10+C56) -> 1876.2 | D57: =((D$63-D$53)/10+D56) -> 1898.2 | E57: =((E$63-E$53)/10+E56) -> 1921.2 | F57: =((F$63-F$53)/10+F56) -> 1943.2 | G57: =((G$63-G$53)/10+G56) -> 1966.2 | H57: =((H$63-H$53)/10+H56) -> 1990.2 | I57: =((I$63-I$53)/10+I56) -> 2760.6 | ... L57: =((L$63-L$53)/10+L56) -> 2085.8
A58: 550 | B58: =((B$63-B$53)/10+B57) -> 1923.5 | C58: =((C$63-C$53)/10+C57) -> 1945.5 | D58: =((D$63-D$53)/10+D57) -> 1968 | E58: =((E$63-E$53)/10+E57) -> 1991.5 | F58: =((F$63-F$53)/10+F57) -> 2014 | G58: =((G$63-G$53)/10+G57) -> 2037.5 | H58: =((H$63-H$53)/10+H57) -> 2062 | I58: =((I$63-I$53)/10+I57) -> 2839 | ... L58: =((L$63-L$53)/10+L57) -> 2159.5
A59: 560 | B59: =((B$63-B$53)/10+B58) -> 1992.4 | C59: =((C$63-C$53)/10+C58) -> 2014.8 | D59: =((D$63-D$53)/10+D58) -> 2037.8 | E59: =((E$63-E$53)/10+E58) -> 2061.8 | F59: =((F$63-F$53)/10+F58) -> 2084.8 | G59: =((G$63-G$53)/10+G58) -> 2108.8 | H59: =((H$63-H$53)/10+H58) -> 2133.8 | I59: =((I$63-I$53)/10+I58) -> 2917.4 | ... L59: =((L$63-L$53)/10+L58) -> 2233.2
A60: 570 | B60: =((B$63-B$53)/10+B59) -> 2061.3 | C60: =((C$63-C$53)/10+C59) -> 2084.1 | D60: =((D$63-D$53)/10+D59) -> 2107.6 | E60: =((E$63-E$53)/10+E59) -> 2132.1 | F60: =((F$63-F$53)/10+F59) -> 2155.6 | G60: =((G$63-G$53)/10+G59) -> 2180.1 | H60: =((H$63-H$53)/10+H59) -> 2205.6 | I60: =((I$63-I$53)/10+I59) -> 2995.8 | ... L60: =((L$63-L$53)/10+L59) -> 2306.9
A61: 580 | B61: =((B$63-B$53)/10+B60) -> 2130.2 | C61: =((C$63-C$53)/10+C60) -> 2153.4 | D61: =((D$63-D$53)/10+D60) -> 2177.4 | E61: =((E$63-E$53)/10+E60) -> 2202.4 | F61: =((F$63-F$53)/10+F60) -> 2226.4 | G61: =((G$63-G$53)/10+G60) -> 2251.4 | H61: =((H$63-H$53)/10+H60) -> 2277.4 | I61: =((I$63-I$53)/10+I60) -> 3074.2 | ... L61: =((L$63-L$53)/10+L60) -> 2380.6
A62: 590 | B62: =((B$63-B$53)/10+B61) -> 2199.1 | C62: =((C$63-C$53)/10+C61) -> 2222.7 | D62: =((D$63-D$53)/10+D61) -> 2247.2 | E62: =((E$63-E$53)/10+E61) -> 2272.7 | F62: =((F$63-F$53)/10+F61) -> 2297.2 | G62: =((G$63-G$53)/10+G61) -> 2322.7 | H62: =((H$63-H$53)/10+H61) -> 2349.2 | I62: =((I$63-I$53)/10+I61) -> 3152.6 | ... L62: =((L$63-L$53)/10+L61) -> 2454.3
A63: 600 | B63: 2268 | C63: 2292 | D63: 2317 | E63: 2343 | F63: 2368 | G63: 2394 | H63: 2421 | I63: 3231 | J63: 2474 | K63: 2501 | L63: 2528
A64: 610 | B64: =((B$73-B$63))/10+B63 -> 2344.3 | C64: =((C$73-C$63))/10+C63 -> 2368.7 | D64: =((D$73-D$63))/10+D63 -> 2394 | E64: =((E$73-E$63))/10+E63 -> 2420.3 | F64: =((F$73-F$63))/10+F63 -> 2445.6 | G64: =((G$73-G$63))/10+G63 -> 2471.9 | H64: =((H$73-H$63))/10+H63 -> 2499.1 | I64: =((I$73-I$63))/10+I63 -> 3312.8 | ... L64: =((L$73-L$63))/10+L63 -> 2607.1
A65: 620 | B65: =((B$73-B$63))/10+B64 -> 2420.6 | C65: =((C$73-C$63))/10+C64 -> 2445.4 | D65: =((D$73-D$63))/10+D64 -> 2471 | E65: =((E$73-E$63))/10+E64 -> 2497.6 | F65: =((F$73-F$63))/10+F64 -> 2523.2 | G65: =((G$73-G$63))/10+G64 -> 2549.8 | H65: =((H$73-H$63))/10+H64 -> 2577.2 | I65: =((I$73-I$63))/10+I64 -> 3394.6 | ... L65: =((L$73-L$63))/10+L64 -> 2686.2
A66: 630 | B66: =((B$73-B$63))/10+B65 -> 2496.9 | C66: =((C$73-C$63))/10+C65 -> 2522.1 | D66: =((D$73-D$63))/10+D65 -> 2548 | E66: =((E$73-E$63))/10+E65 -> 2574.9 | F66: =((F$73-F$63))/10+F65 -> 2600.8 | G66: =((G$73-G$63))/10+G65 -> 2627.7 | H66: =((H$73-H$63))/10+H65 -> 2655.3 | I66: =((I$73-I$63))/10+I65 -> 3476.4 | ... L66: =((L$73-L$63))/10+L65 -> 2765.3
A67: 640 | B67: =((B$73-B$63))/10+B66 -> 2573.2 | C67: =((C$73-C$63))/10+C66 -> 2598.8 | D67: =((D$73-D$63))/10+D66 -> 2625 | E67: =((E$73-E$63))/10+E66 -> 2652.2 | F67: =((F$73-F$63))/10+F66 -> 2678.4 | G67: =((G$73-G$63))/10+G66 -> 2705.6 | H67: =((H$73-H$63))/10+H66 -> 2733.4 | I67: =((I$73-I$63))/10+I66 -> 3558.2 | ... L67: =((L$73-L$63))/10+L66 -> 2844.4
A68: 650 | B68: =((B$73-B$63))/10+B67 -> 2649.5 | C68: =((C$73-C$63))/10+C67 -> 2675.5 | D68: =((D$73-D$63))/10+D67 -> 2702 | E68: =((E$73-E$63))/10+E67 -> 2729.5 | F68: =((F$73-F$63))/10+F67 -> 2756 | G68: =((G$73-G$63))/10+G67 -> 2783.5 | H68: =((H$73-H$63))/10+H67 -> 2811.5 | I68: =((I$73-I$63))/10+I67 -> 3640 | ... L68: =((L$73-L$63))/10+L67 -> 2923.5
A69: 660 | B69: =((B$73-B$63))/10+B68 -> 2725.8 | C69: =((C$73-C$63))/10+C68 -> 2752.2 | D69: =((D$73-D$63))/10+D68 -> 2779 | E69: =((E$73-E$63))/10+E68 -> 2806.8 | F69: =((F$73-F$63))/10+F68 -> 2833.6 | G69: =((G$73-G$63))/10+G68 -> 2861.4 | H69: =((H$73-H$63))/10+H68 -> 2889.6 | I69: =((I$73-I$63))/10+I68 -> 3721.8 | ... L69: =((L$73-L$63))/10+L68 -> 3002.6
A70: 670 | B70: =((B$73-B$63))/10+B69 -> 2802.1 | C70: =((C$73-C$63))/10+C69 -> 2828.9 | D70: =((D$73-D$63))/10+D69 -> 2856 | E70: =((E$73-E$63))/10+E69 -> 2884.1 | F70: =((F$73-F$63))/10+F69 -> 2911.2 | G70: =((G$73-G$63))/10+G69 -> 2939.3 | H70: =((H$73-H$63))/10+H69 -> 2967.7 | I70: =((I$73-I$63))/10+I69 -> 3803.6 | ... L70: =((L$73-L$63))/10+L69 -> 3081.7
A71: 680 | B71: =((B$73-B$63))/10+B70 -> 2878.4 | C71: =((C$73-C$63))/10+C70 -> 2905.6 | D71: =((D$73-D$63))/10+D70 -> 2933 | E71: =((E$73-E$63))/10+E70 -> 2961.4 | F71: =((F$73-F$63))/10+F70 -> 2988.8 | G71: =((G$73-G$63))/10+G70 -> 3017.2 | H71: =((H$73-H$63))/10+H70 -> 3045.8 | I71: =((I$73-I$63))/10+I70 -> 3885.4 | ... L71: =((L$73-L$63))/10+L70 -> 3160.8
A72: 690 | B72: =((B$73-B$63))/10+B71 -> 2954.7 | C72: =((C$73-C$63))/10+C71 -> 2982.3 | D72: =((D$73-D$63))/10+D71 -> 3010 | E72: =((E$73-E$63))/10+E71 -> 3038.7 | F72: =((F$73-F$63))/10+F71 -> 3066.4 | G72: =((G$73-G$63))/10+G71 -> 3095.1 | H72: =((H$73-H$63))/10+H71 -> 3123.9 | I72: =((I$73-I$63))/10+I71 -> 3967.2 | ... L72: =((L$73-L$63))/10+L71 -> 3239.9
A73: 700 | B73: 3031 | C73: 3059 | D73: 3087 | E73: 3116 | F73: 3144 | G73: 3173 | H73: 3202 | I73: 4049 | J73: 3260 | K73: 3290 | L73: 3319
A74: 710 | B74: =((B$83-B$73)/10+B73) -> 3111.7 | C74: =((C$83-C$73)/10+C73) -> 3139.9 | D74: =((D$83-D$73)/10+D73) -> 3168.1 | E74: =((E$83-E$73)/10+E73) -> 3197.2 | F74: =((F$83-F$73)/10+F73) -> 3225.4 | G74: =((G$83-G$73)/10+G73) -> 3254.5 | H74: =((H$83-H$73)/10+H73) -> 3283.6 | I74: =((I$83-I$73)/10+I73) -> 5993.2 | ... L74: =((L$83-L$73)/10+L73) -> 3401.1
A75: 720 | B75: =((B$83-B$73)/10+B74) -> 3192.4 | C75: =((C$83-C$73)/10+C74) -> 3220.8 | D75: =((D$83-D$73)/10+D74) -> 3249.2 | E75: =((E$83-E$73)/10+E74) -> 3278.4 | F75: =((F$83-F$73)/10+F74) -> 3306.8 | G75: =((G$83-G$73)/10+G74) -> 3336 | H75: =((H$83-H$73)/10+H74) -> 3365.2 | I75: =((I$83-I$73)/10+I74) -> 7937.4 | ... L75: =((L$83-L$73)/10+L74) -> 3483.2
A76: 730 | B76: =((B$83-B$73)/10+B75) -> 3273.1 | C76: =((C$83-C$73)/10+C75) -> 3301.7 | D76: =((D$83-D$73)/10+D75) -> 3330.3 | E76: =((E$83-E$73)/10+E75) -> 3359.6 | F76: =((F$83-F$73)/10+F75) -> 3388.2 | G76: =((G$83-G$73)/10+G75) -> 3417.5 | H76: =((H$83-H$73)/10+H75) -> 3446.8 | I76: =((I$83-I$73)/10+I75) -> 9881.6 | ... L76: =((L$83-L$73)/10+L75) -> 3565.3
A77: 740 | B77: =((B$83-B$73)/10+B76) -> 3353.8 | C77: =((C$83-C$73)/10+C76) -> 3382.6 | D77: =((D$83-D$73)/10+D76) -> 3411.4 | E77: =((E$83-E$73)/10+E76) -> 3440.8 | F77: =((F$83-F$73)/10+F76) -> 3469.6 | G77: =((G$83-G$73)/10+G76) -> 3499 | H77: =((H$83-H$73)/10+H76) -> 3528.4 | I77: =((I$83-I$73)/10+I76) -> 11825.8 | ... L77: =((L$83-L$73)/10+L76) -> 3647.4
A78: 750 | B78: =((B$83-B$73)/10+B77) -> 3434.5 | C78: =((C$83-C$73)/10+C77) -> 3463.5 | D78: =((D$83-D$73)/10+D77) -> 3492.5 | E78: =((E$83-E$73)/10+E77) -> 3522 | F78: =((F$83-F$73)/10+F77) -> 3551 | G78: =((G$83-G$73)/10+G77) -> 3580.5 | H78: =((H$83-H$73)/10+H77) -> 3610 | I78: =((I$83-I$73)/10+I77) -> 13770 | ... L78: =((L$83-L$73)/10+L77) -> 3729.5
A79: 760 | B79: =((B$83-B$73)/10+B78) -> 3515.2 | C79: =((C$83-C$73)/10+C78) -> 3544.4 | D79: =((D$83-D$73)/10+D78) -> 3573.6 | E79: =((E$83-E$73)/10+E78) -> 3603.2 | F79: =((F$83-F$73)/10+F78) -> 3632.4 | G79: =((G$83-G$73)/10+G78) -> 3662 | H79: =((H$83-H$73)/10+H78) -> 3691.6 | I79: =((I$83-I$73)/10+I78) -> 15714.2 | ... L79: =((L$83-L$73)/10+L78) -> 3811.6
A80: 770 | B80: =((B$83-B$73)/10+B79) -> 3595.9 | C80: =((C$83-C$73)/10+C79) -> 3625.3 | D80: =((D$83-D$73)/10+D79) -> 3654.7 | E80: =((E$83-E$73)/10+E79) -> 3684.4 | F80: =((F$83-F$73)/10+F79) -> 3713.8 | G80: =((G$83-G$73)/10+G79) -> 3743.5 | H80: =((H$83-H$73)/10+H79) -> 3773.2 | I80: =((I$83-I$73)/10+I79) -> 17658.4 | ... L80: =((L$83-L$73)/10+L79) -> 3893.7
A81: 780 | B81: =((B$83-B$73)/10+B80) -> 3676.6 | C81: =((C$83-C$73)/10+C80) -> 3706.2 | D81: =((D$83-D$73)/10+D80) -> 3735.8 | E81: =((E$83-E$73)/10+E80) -> 3765.6 | F81: =((F$83-F$73)/10+F80) -> 3795.2 | G81: =((G$83-G$73)/10+G80) -> 3825 | H81: =((H$83-H$73)/10+H80) -> 3854.8 | I81: =((I$83-I$73)/10+I80) -> 19602.6 | ... L81: =((L$83-L$73)/10+L80) -> 3975.8
A82: 790 | B82: =((B$83-B$73)/10+B81) -> 3757.3 | C82: =((C$83-C$73)/10+C81) -> 3787.1 | D82: =((D$83-D$73)/10+D81) -> 3816.9 | E82: =((E$83-E$73)/10+E81) -> 3846.8 | F82: =((F$83-F$73)/10+F81) -> 3876.6 | G82: =((G$83-G$73)/10+G81) -> 3906.5 | H82: =((H$83-H$73)/10+H81) -> 3936.4 | I82: =((I$83-I$73)/10+I81) -> 21546.8 | ... L82: =((L$83-L$73)/10+L81) -> 4057.9
A83: 800 | B83: 3838 | C83: 3868 | D83: 3898 | E83: 3928 | F83: 3958 | G83: 3988 | H83: 4018 | I83: 23491 | J83: 4079 | K83: 4109 | L83: 4140
A84: 810 | B84: =((B$93-B$83)/10+B83) -> 3921.2 | C84: =((C$93-C$83)/10+C83) -> 3951.3 | D84: =((D$93-D$83)/10+D83) -> 3981.4 | E84: =((E$93-E$83)/10+E83) -> 4011.5 | F84: =((F$93-F$83)/10+F83) -> 4041.6 | G84: =((G$93-G$83)/10+G83) -> 4071.7 | H84: =((H$93-H$83)/10+H83) -> 4101.8 | I84: =((I$93-I$83)/10+I83) -> 21630.6 | ... L84: =((L$93-L$83)/10+L83) -> 4224
A85: 820 | B85: =((B$93-B$83)/10+B84) -> 4004.4 | C85: =((C$93-C$83)/10+C84) -> 4034.6 | D85: =((D$93-D$83)/10+D84) -> 4064.8 | E85: =((E$93-E$83)/10+E84) -> 4095 | F85: =((F$93-F$83)/10+F84) -> 4125.2 | G85: =((G$93-G$83)/10+G84) -> 4155.4 | H85: =((H$93-H$83)/10+H84) -> 4185.6 | I85: =((I$93-I$83)/10+I84) -> 19770.2 | ... L85: =((L$93-L$83)/10+L84) -> 4308
A86: 830 | B86: =((B$93-B$83)/10+B85) -> 4087.6 | C86: =((C$93-C$83)/10+C85) -> 4117.9 | D86: =((D$93-D$83)/10+D85) -> 4148.2 | E86: =((E$93-E$83)/10+E85) -> 4178.5 | F86: =((F$93-F$83)/10+F85) -> 4208.8 | G86: =((G$93-G$83)/10+G85) -> 4239.1 | H86: =((H$93-H$83)/10+H85) -> 4269.4 | I86: =((I$93-I$83)/10+I85) -> 17909.8 | ... L86: =((L$93-L$83)/10+L85) -> 4392
A87: 840 | B87: =((B$93-B$83)/10+B86) -> 4170.8 | C87: =((C$93-C$83)/10+C86) -> 4201.2 | D87: =((D$93-D$83)/10+D86) -> 4231.6 | E87: =((E$93-E$83)/10+E86) -> 4262 | F87: =((F$93-F$83)/10+F86) -> 4292.4 | G87: =((G$93-G$83)/10+G86) -> 4322.8 | H87: =((H$93-H$83)/10+H86) -> 4353.2 | I87: =((I$93-I$83)/10+I86) -> 16049.4 | ... L87: =((L$93-L$83)/10+L86) -> 4476
A88: 850 | B88: =((B$93-B$83)/10+B87) -> 4254 | C88: =((C$93-C$83)/10+C87) -> 4284.5 | D88: =((D$93-D$83)/10+D87) -> 4315 | E88: =((E$93-E$83)/10+E87) -> 4345.5 | F88: =((F$93-F$83)/10+F87) -> 4376 | G88: =((G$93-G$83)/10+G87) -> 4406.5 | H88: =((H$93-H$83)/10+H87) -> 4437 | I88: =((I$93-I$83)/10+I87) -> 14189 | ... L88: =((L$93-L$83)/10+L87) -> 4560
A89: 860 | B89: =((B$93-B$83)/10+B88) -> 4337.2 | C89: =((C$93-C$83)/10+C88) -> 4367.8 | D89: =((D$93-D$83)/10+D88) -> 4398.4 | E89: =((E$93-E$83)/10+E88) -> 4429 | F89: =((F$93-F$83)/10+F88) -> 4459.6 | G89: =((G$93-G$83)/10+G88) -> 4490.2 | H89: =((H$93-H$83)/10+H88) -> 4520.8 | I89: =((I$93-I$83)/10+I88) -> 12328.6 | ... L89: =((L$93-L$83)/10+L88) -> 4644
A90: 870 | B90: =((B$93-B$83)/10+B89) -> 4420.4 | C90: =((C$93-C$83)/10+C89) -> 4451.1 | D90: =((D$93-D$83)/10+D89) -> 4481.8 | E90: =((E$93-E$83)/10+E89) -> 4512.5 | F90: =((F$93-F$83)/10+F89) -> 4543.2 | G90: =((G$93-G$83)/10+G89) -> 4573.9 | H90: =((H$93-H$83)/10+H89) -> 4604.6 | I90: =((I$93-I$83)/10+I89) -> 10468.2 | ... L90: =((L$93-L$83)/10+L89) -> 4728
A91: 880 | B91: =((B$93-B$83)/10+B90) -> 4503.6 | C91: =((C$93-C$83)/10+C90) -> 4534.4 | D91: =((D$93-D$83)/10+D90) -> 4565.2 | E91: =((E$93-E$83)/10+E90) -> 4596 | F91: =((F$93-F$83)/10+F90) -> 4626.8 | G91: =((G$93-G$83)/10+G90) -> 4657.6 | H91: =((H$93-H$83)/10+H90) -> 4688.4 | I91: =((I$93-I$83)/10+I90) -> 8607.8 | ... L91: =((L$93-L$83)/10+L90) -> 4812
A92: 890 | B92: =((B$93-B$83)/10+B91) -> 4586.8 | C92: =((C$93-C$83)/10+C91) -> 4617.7 | D92: =((D$93-D$83)/10+D91) -> 4648.6 | E92: =((E$93-E$83)/10+E91) -> 4679.5 | F92: =((F$93-F$83)/10+F91) -> 4710.4 | G92: =((G$93-G$83)/10+G91) -> 4741.3 | H92: =((H$93-H$83)/10+H91) -> 4772.2 | I92: =((I$93-I$83)/10+I91) -> 6747.4 | ... L92: =((L$93-L$83)/10+L91) -> 4896
A93: 900 | B93: 4670 | C93: 4701 | D93: 4732 | E93: 4763 | F93: 4794 | G93: 4825 | H93: 4856 | I93: 4887 | J93: 4918 | K93: 4949 | L93: 4980
A94: 910 | B94: =((B$103-B$93)/10+B93) -> 4755.3 | C94: =((C$103-C$93)/10+C93) -> 4786.4 | D94: =((D$103-D$93)/10+D93) -> 4817.4 | E94: =((E$103-E$93)/10+E93) -> 4848.5 | F94: =((F$103-F$93)/10+F93) -> 4879.5 | G94: =((G$103-G$93)/10+G93) -> 4910.6 | H94: =((H$103-H$93)/10+H93) -> 4941.7 | I94: =((I$103-I$93)/10+I93) -> 4972.8 | ... L94: =((L$103-L$93)/10+L93) -> 5066
A95: 920 | B95: =((B$103-B$93)/10+B94) -> 4840.6 | C95: =((C$103-C$93)/10+C94) -> 4871.8 | D95: =((D$103-D$93)/10+D94) -> 4902.8 | E95: =((E$103-E$93)/10+E94) -> 4934 | F95: =((F$103-F$93)/10+F94) -> 4965 | G95: =((G$103-G$93)/10+G94) -> 4996.2 | H95: =((H$103-H$93)/10+H94) -> 5027.4 | I95: =((I$103-I$93)/10+I94) -> 5058.6 | ... L95: =((L$103-L$93)/10+L94) -> 5152
A96: 930 | B96: =((B$103-B$93)/10+B95) -> 4925.9 | C96: =((C$103-C$93)/10+C95) -> 4957.2 | D96: =((D$103-D$93)/10+D95) -> 4988.2 | E96: =((E$103-E$93)/10+E95) -> 5019.5 | F96: =((F$103-F$93)/10+F95) -> 5050.5 | G96: =((G$103-G$93)/10+G95) -> 5081.8 | H96: =((H$103-H$93)/10+H95) -> 5113.1 | I96: =((I$103-I$93)/10+I95) -> 5144.4 | ... L96: =((L$103-L$93)/10+L95) -> 5238
A97: 940 | B97: =((B$103-B$93)/10+B96) -> 5011.2 | C97: =((C$103-C$93)/10+C96) -> 5042.6 | D97: =((D$103-D$93)/10+D96) -> 5073.6 | E97: =((E$103-E$93)/10+E96) -> 5105 | F97: =((F$103-F$93)/10+F96) -> 5136 | G97: =((G$103-G$93)/10+G96) -> 5167.4 | H97: =((H$103-H$93)/10+H96) -> 5198.8 | I97: =((I$103-I$93)/10+I96) -> 5230.2 | ... L97: =((L$103-L$93)/10+L96) -> 5324
A98: 950 | B98: =((B$103-B$93)/10+B97) -> 5096.5 | C98: =((C$103-C$93)/10+C97) -> 5128 | D98: =((D$103-D$93)/10+D97) -> 5159 | E98: =((E$103-E$93)/10+E97) -> 5190.5 | F98: =((F$103-F$93)/10+F97) -> 5221.5 | G98: =((G$103-G$93)/10+G97) -> 5253 | H98: =((H$103-H$93)/10+H97) -> 5284.5 | I98: =((I$103-I$93)/10+I97) -> 5316 | ... L98: =((L$103-L$93)/10+L97) -> 5410
A99: 960 | B99: =((B$103-B$93)/10+B98) -> 5181.8 | C99: =((C$103-C$93)/10+C98) -> 5213.4 | D99: =((D$103-D$93)/10+D98) -> 5244.4 | E99: =((E$103-E$93)/10+E98) -> 5276 | F99: =((F$103-F$93)/10+F98) -> 5307 | G99: =((G$103-G$93)/10+G98) -> 5338.6 | H99: =((H$103-H$93)/10+H98) -> 5370.2 | I99: =((I$103-I$93)/10+I98) -> 5401.8 | ... L99: =((L$103-L$93)/10+L98) -> 5496
A100: 970 | B100: =((B$103-B$93)/10+B99) -> 5267.1 | C100: =((C$103-C$93)/10+C99) -> 5298.8 | D100: =((D$103-D$93)/10+D99) -> 5329.8 | E100: =((E$103-E$93)/10+E99) -> 5361.5 | F100: =((F$103-F$93)/10+F99) -> 5392.5 | G100: =((G$103-G$93)/10+G99) -> 5424.2 | H100: =((H$103-H$93)/10+H99) -> 5455.9 | I100: =((I$103-I$93)/10+I99) -> 5487.6 | ... L100: =((L$103-L$93)/10+L99) -> 5582
...

Sheet DIARIO
A1: ALTURA | B1: VOLUME
A2: 0 | B2: 188
A3: 10 | B3: =((B$12-B$2)/10)+B2 -> 225.7
A4: 20 | B4: =((B$12-B$2)/10)+B3 -> 263.4
A5: 30 | B5: =((B$12-B$2)/10)+B4 -> 301.1
A6: 40 | B6: =((B$12-B$2)/10)+B5 -> 338.8
A7: 50 | B7: =((B$12-B$2)/10)+B6 -> 376.5
A8: 60 | B8: =((B$12-B$2)/10)+B7 -> 414.2
A9: 70 | B9: =((B$12-B$2)/10)+B8 -> 451.9
A10: 80 | B10: =((B$12-B$2)/10)+B9 -> 489.6
A11: 90 | B11: =((B$12-B$2)/10)+B10 -> 527.3
A12: 100 | B12: 565
A13: 110 | B13: =((B$22-B$12)/10)+B12 -> 602.8
A14: 120 | B14: =((B$22-B$12)/10)+B13 -> 640.6
A15: 130 | B15: =((B$22-B$12)/10)+B14 -> 678.4
A16: 140 | B16: =((B$22-B$12)/10)+B15 -> 716.2
A17: 150 | B17: =((B$22-B$12)/10)+B16 -> 754
A18: 160 | B18: =((B$22-B$12)/10)+B17 -> 791.8
A19: 170 | B19: =((B$22-B$12)/10)+B18 -> 829.6
A20: 180 | B20: =((B$22-B$12)/10)+B19 -> 867.4
A21: 190 | B21: =((B$22-B$12)/10)+B20 -> 905.2
A22: 200 | B22: 943
A23: 210 | B23: =((B$32-B$22)/10)+B22 -> 980.9
A24: 220 | B24: =((B$32-B$22)/10)+B23 -> 1018.8
A25: 230 | B25: =((B$32-B$22)/10)+B24 -> 1056.7
A26: 240 | B26: =((B$32-B$22)/10)+B25 -> 1094.6
A27: 250 | B27: =((B$32-B$22)/10)+B26 -> 1132.5
A28: 260 | B28: =((B$32-B$22)/10)+B27 -> 1170.4
A29: 270 | B29: =((B$32-B$22)/10)+B28 -> 1208.3
A30: 280 | B30: =((B$32-B$22)/10)+B29 -> 1246.2
A31: 290 | B31: =((B$32-B$22)/10)+B30 -> 1284.1
A32: 300 | B32: 1322
A33: 310 | B33: =((B$42-B$32)/10)+B32 -> 1360
A34: 320 | B34: =((B$42-B$32)/10)+B33 -> 1398
A35: 330 | B35: =((B$42-B$32)/10)+B34 -> 1436
A36: 340 | B36: =((B$42-B$32)/10)+B35 -> 1474
A37: 350 | B37: =((B$42-B$32)/10)+B36 -> 1512
A38: 360 | B38: =((B$42-B$32)/10)+B37 -> 1550
A39: 370 | B39: =((B$42-B$32)/10)+B38 -> 1588
A40: 380 | B40: =((B$42-B$32)/10)+B39 -> 1626
A41: 390 | B41: =((B$42-B$32)/10)+B40 -> 1664
A42: 400 | B42: 1702
A43: 410 | B43: =((B$52-B$42)/10)+B42 -> 1740
A44: 420 | B44: =((B$52-B$42)/10)+B43 -> 1778
A45: 430 | B45: =((B$52-B$42)/10)+B44 -> 1816
A46: 440 | B46: =((B$52-B$42)/10)+B45 -> 1854
A47: 450 | B47: =((B$52-B$42)/10)+B46 -> 1892
A48: 460 | B48: =((B$52-B$42)/10)+B47 -> 1930
A49: 470 | B49: =((B$52-B$42)/10)+B48 -> 1968
A50: 480 | B50: =((B$52-B$42)/10)+B49 -> 2006
A51: 490 | B51: =((B$52-B$42)/10)+B50 -> 2044
A52: 500 | B52: 2082
A53: 510 | B53: =((B$62-B$52)/10+B52) -> 2120.2
A54: 520 | B54: =((B$62-B$52)/10+B53) -> 2158.4
A55: 530 | B55: =((B$62-B$52)/10+B54) -> 2196.6
A56: 540 | B56: =((B$62-B$52)/10+B55) -> 2234.8
A57: 550 | B57: =((B$62-B$52)/10+B56) -> 2273
A58: 560 | B58: =((B$62-B$52)/10+B57) -> 2311.2
A59: 570 | B59: =((B$62-B$52)/10+B58) -> 2349.4
A60: 580 | B60: =((B$62-B$52)/10+B59) -> 2387.6
A61: 590 | B61: =((B$62-B$52)/10+B60) -> 2425.8
A62: 600 | B62: 2464
A63: 610 | B63: =((B$72-B$62))/10+B62 -> 2502.2
A64: 620 | B64: =((B$72-B$62))/10+B63 -> 2540.4
A65: 630 | B65: =((B$72-B$62))/10+B64 -> 2578.6
A66: 640 | B66: =((B$72-B$62))/10+B65 -> 2616.8
A67: 650 | B67: =((B$72-B$62))/10+B66 -> 2655
A68: 660 | B68: =((B$72-B$62))/10+B67 -> 2693.2
A69: 670 | B69: =((B$72-B$62))/10+B68 -> 2731.4
A70: 680 | B70: =((B$72-B$62))/10+B69 -> 2769.6
A71: 690 | B71: =((B$72-B$62))/10+B70 -> 2807.8
A72: 700 | B72: 2846
A73: 710 | B73: =((B$82-B$72)/10+B72) -> 2884.3
A74: 720 | B74: =((B$82-B$72)/10+B73) -> 2922.6
A75: 730 | B75: =((B$82-B$72)/10+B74) -> 2960.9
A76: 740 | B76: =((B$82-B$72)/10+B75) -> 2999.2
A77: 750 | B77: =((B$82-B$72)/10+B76) -> 3037.5
A78: 760 | B78: =((B$82-B$72)/10+B77) -> 3075.8
A79: 770 | B79: =((B$82-B$72)/10+B78) -> 3114.1
A80: 780 | B80: =((B$82-B$72)/10+B79) -> 3152.4
A81: 790 | B81: =((B$82-B$72)/10+B80) -> 3190.7
A82: 800 | B82: 3229
A83: 810 | B83: =((B$92-B$82)/10+B82) -> 3267.5
A84: 820 | B84: =((B$92-B$82)/10+B83) -> 3306
A85: 830 | B85: =((B$92-B$82)/10+B84) -> 3344.5
A86: 840 | B86: =((B$92-B$82)/10+B85) -> 3383
A87: 850 | B87: =((B$92-B$82)/10+B86) -> 3421.5
A88: 860 | B88: =((B$92-B$82)/10+B87) -> 3460
A89: 870 | B89: =((B$92-B$82)/10+B88) -> 3498.5
A90: 880 | B90: =((B$92-B$82)/10+B89) -> 3537
A91: 890 | B91: =((B$92-B$82)/10+B90) -> 3575.5
A92: 900 | B92: 3614
A93: 910 | B93: =((B$102-B$92)/10+B92) -> 3652.5
A94: 920 | B94: =((B$102-B$92)/10+B93) -> 3691
A95: 930 | B95: =((B$102-B$92)/10+B94) -> 3729.5
A96: 940 | B96: =((B$102-B$92)/10+B95) -> 3768
A97: 950 | B97: =((B$102-B$92)/10+B96) -> 3806.5
A98: 960 | B98: =((B$102-B$92)/10+B97) -> 3845
A99: 970 | B99: =((B$102-B$92)/10+B98) -> 3883.5
A100: 980 | B100: =((B$102-B$92)/10+B99) -> 3922
...
