Workbook

Sheet SONDAGEM
A1: SONDAGEM CLASSE A - ASD 2411 | E1: TRIM & VOLUME (LTS) | O1: %
A2: TANQUE | C2: SONDAGEM CM | D2: CAPACIDADE LTS | E2: -1400 | F2: -1200 | G2: -1000 | H2: -800 | I2: -600 | J2: -400 | K2: -200 | L2: 0 | M2: 200 | N2: 400
A3: TK4 | B3: FUEL OIL HEADER | C3: 220 | D3: 2825 | E3: =' TK4 '!E2 -> 2585.6 | F3: =' TK4 '!E14 -> 2587.4 | G3: =' TK4 '!E26 -> 2589.8 | H3: =' TK4 '!E38 -> 2592.2 | I3: =' TK4 '!E50 -> 2594.6 | J3: =' TK4 '!E62 -> 2596.4 | K3: =' TK4 '!E74 -> 2598.8 | L3: =' TK4 '!E86 -> 2601.2 | M3: =' TK4 '!E98 -> 2603.6 | N3: =' TK4 '!E110 -> 2605.4 | O3: =(SUM(E3:N3)/10)/D3 -> 0.91876106
A4: TK5 | B4: FUEL OIL HEADER | C4: 220 | D4: 2825 | E4: ='TK5'!E2 -> 2585.2 | F4: ='TK5'!E14 -> 2587.4 | G4: ='TK5'!E26 -> 2589.8 | H4: ='TK5'!E38 -> 2592.2 | I4: ='TK5'!E50 -> 2594.2 | J4: ='TK5'!E62 -> 2596.4 | K4: ='TK5'!E74 -> 2598.8 | L4: ='TK5'!E86 -> 2601.2 | M4: ='TK5'!E98 -> 2603.6 | N4: ='TK5'!E110 -> 2605.4 | O4: =(SUM(E4:N4)/10)/D4 -> 0.91873274
A5: TK6 | B5: FUEL OIL PS | C5: 210 | D5: 24286 | E5: ='TK6'!E2 -> 22878.4 | F5: ='TK6'!E14 -> 22908.2 | G5: ='TK6'!E26 -> 22935.6 | H5: ='TK6'!E38 -> 22962 | I5: ='TK6'!E50 -> 22988.4 | J5: ='TK6'!E62 -> 23014.8 | K5: ='TK6'!E74 -> 23041.2 | L5: ='TK6'!E86 -> 23067.6 | M5: ='TK6'!E98 -> 23094 | N5: ='TK6'!E110 -> 23120.4 | O5: =(SUM(E5:N5)/10)/D5 -> 0.94709133
A6: TK7 | B6: FUEL OIL PS | C6: 210 | D6: 24286 | E6: ='TK7'!E2 -> 22892.4 | F6: ='TK7'!E14 -> 22921.6 | G6: ='TK7'!E26 -> 22949.2 | H6: ='TK7'!E38 -> 22975.6 | I6: ='TK7'!E50 -> 23002 | J6: ='TK7'!E62 -> 23029.2 | K6: ='TK7'!E74 -> 23055.6 | L6: ='TK7'!E86 -> 23082 | M6: ='TK7'!E98 -> 23109.2 | N6: ='TK7'!E110 -> 23135.6 | O6: =(SUM(E6:N6)/10)/D6 -> 0.9476752
A7: TK11 | B7: FUEL OIL AFT PS | C7: 210 | D7: 11621 | E7: ='TK11'!E2 -> 10841.8 | F7: ='TK11'!E14 -> 10794.6 | G7: ='TK11'!E26 -> 10746.6 | H7: ='TK11'!E38 -> 10697.8 | I7: ='TK11'!E50 -> 10648.2 | J7: ='TK11'!E62 -> 10598.6 | K7: ='TK11'!E74 -> 10549 | L7: ='TK11'!E86 -> 10498.6 | M7: ='TK11'!E98 -> 10449 | N7: ='TK11'!E110 -> 10398.6 | O7: =(SUM(E7:N7)/10)/D7 -> 0.91405903
A8: TK12 | B8: FUEL OIL AFT SB | C8: 210 | D8: 14827 | E8: ='TK12'!E2 -> 13963 | F8: ='TK12'!E14 -> 13915.8 | G8: ='TK12'!E26 -> 13868.6 | H8: ='TK12'!E38 -> 13820.6 | I8: ='TK12'!E50 -> 13772.6 | J8: ='TK12'!E62 -> 13724.6 | K8: ='TK12'!E74 -> 13675.8 | L8: ='TK12'!E86 -> 13625.4 | M8: ='TK12'!E98 -> 13575 | N8: ='TK12'!E110 -> 13524.6 | O8: =(SUM(E8:N8)/10)/D8 -> 0.92713293
A9: TOTAL | D9: =SUM(D3:D8) -> 80670 | E9: =SUM(E3:E8) -> 75746.4 | F9: =SUM(F3:F8) -> 75715 | G9: =SUM(G3:G8) -> 75679.6 | H9: =SUM(H3:H8) -> 75640.4 | I9: =SUM(I3:I8) -> 75600 | J9: =SUM(J3:J8) -> 75560 | K9: =SUM(K3:K8) -> 75519.2 | ... N9: =SUM(N3:N8) -> 75390 | O9: =(SUM(E9:N9)/10)/D9 -> 0.93685509

Sheet  TK4 
A1: sounding | B1: volume lts | D1: SONDAGEM | E1: =SONDAGEM!C3 -> 220
A2: 0 | B2: 729 | D2: VOLUME | E2: =FORECAST(E1,OFFSET(B2:B11,MATCH(E1,A2:A11,1)-1,0,2),OFFSET(A2:A11,MATCH(E1,A2:A11,1)-1,0,2)) -> 2585.6
A3: 25 | B3: 941 | D3: TK4 | E3: FUEL OIL HEADER
A4: 50 | B4: 1153 | D4: trim | E4: -1400
A5: 100 | B5: 1577 | D5: specific wheight ton/m³ | E5: 0.84
A6: 150 | B6: 2001
A7: 200 | B7: 2426
A8: 250 | B8: 2825
A9: 260 | B9: 2825
A13: sounding | B13: volume lts | D13: SONDAGEM | E13: =SONDAGEM!C3 -> 220
A14: 0 | B14: 733 | D14: VOLUME | E14: =FORECAST(E13,OFFSET(B14:B23,MATCH(E13,A14:A23,1)-1,0,2),OFFSET(A14:A23,MATCH(E13,A14:A23,1)-1,0,2)) -> 2587.4
A15: 25 | B15: 945 | D15: TK4 | E15: FUEL OIL HEADER
A16: 50 | B16: 1157 | D16: trim | E16: =E4+200 -> -1200
A17: 100 | B17: 1581 | D17: specific wheight ton/m³ | E17: 0.84
A18: 150 | B18: 2005
A19: 200 | B19: 2429
A20: 250 | B20: 2825
A21: 260 | B21: 2825
A25: sounding | B25: volume lts | D25: SONDAGEM | E25: =SONDAGEM!C3 -> 220
A26: 0 | B26: 736 | D26: VOLUME | E26: =FORECAST(E25,OFFSET(B26:B35,MATCH(E25,A26:A35,1)-1,0,2),OFFSET(A26:A35,MATCH(E25,A26:A35,1)-1,0,2)) -> 2589.8
A27: 25 | B27: 948 | D27: TK4 | E27: FUEL OIL HEADER
A28: 50 | B28: 1160 | D28: trim | E28: =E16+200 -> -1000
A29: 100 | B29: 1585 | D29: specific wheight ton/m³ | E29: 0.84
A30: 150 | B30: 2009
A31: 200 | B31: 2433
A32: 250 | B32: 2825
A33: 260 | B33: 2825
A37: sounding | B37: volume lts | D37: SONDAGEM | E37: =SONDAGEM!C3 -> 220
A38: 0 | B38: 740 | D38: VOLUME | E38: =FORECAST(E37,OFFSET(B38:B47,MATCH(E37,A38:A47,1)-1,0,2),OFFSET(A38:A47,MATCH(E37,A38:A47,1)-1,0,2)) -> 2592.2
A39: 25 | B39: 952 | D39: TK4 | E39: FUEL OIL HEADER
A40: 50 | B40: 1164 | D40: trim | E40: =E28+200 -> -800
A41: 100 | B41: 1588 | D41: specific wheight ton/m³ | E41: 0.84
A42: 150 | B42: 2013
A43: 200 | B43: 2437
A44: 250 | B44: 2825
A45: 260 | B45: 2825
A49: sounding | B49: volume lts | D49: SONDAGEM | E49: =SONDAGEM!C3 -> 220
A50: 0 | B50: 744 | D50: VOLUME | E50: =FORECAST(E49,OFFSET(B50:B59,MATCH(E49,A50:A59,1)-1,0,2),OFFSET(A50:A59,MATCH(E49,A50:A59,1)-1,0,2)) -> 2594.6
A51: 25 | B51: 956 | D51: TK4 | E51: FUEL OIL HEADER
A52: 50 | B52: 1168 | D52: trim | E52: =E40+200 -> -600
A53: 100 | B53: 1592 | D53: specific wheight ton/m³ | E53: 0.84
A54: 150 | B54: 2016
A55: 200 | B55: 2441
A56: 250 | B56: 2825
A57: 260 | B57: 2825
A61: sounding | B61: volume lts | D61: SONDAGEM | E61: =SONDAGEM!C3 -> 220
A62: 0 | B62: 748 | D62: VOLUME | E62: =FORECAST(E61,OFFSET(B62:B71,MATCH(E61,A62:A71,1)-1,0,2),OFFSET(A62:A71,MATCH(E61,A62:A71,1)-1,0,2)) -> 2596.4
A63: 25 | B63: 960 | D63: TK4 | E63: FUEL OIL HEADER
A64: 50 | B64: 1172 | D64: trim | E64: =E52+200 -> -400
A65: 100 | B65: 1596 | D65: specific wheight ton/m³ | E65: 0.84
A66: 150 | B66: 2020
A67: 200 | B67: 2444
A68: 250 | B68: 2825
A69: 260 | B69: 2825
A73: sounding | B73: volume lts | D73: SONDAGEM | E73: =SONDAGEM!C3 -> 220
A74: 0 | B74: 751 | D74: VOLUME | E74: =FORECAST(E73,OFFSET(B74:B83,MATCH(E73,A74:A83,1)-1,0,2),OFFSET(A74:A83,MATCH(E73,A74:A83,1)-1,0,2)) -> 2598.8
A75: 25 | B75: 963 | D75: TK4 | E75: FUEL OIL HEADER
A76: 50 | B76: 1176 | D76: trim | E76: =E64+200 -> -200
A77: 100 | B77: 1600 | D77: specific wheight ton/m³ | E77: 0.84
A78: 150 | B78: 2024
A79: 200 | B79: 2448
A80: 250 | B80: 2825
A81: 260 | B81: 2825
A85: sounding | B85: volume lts | D85: SONDAGEM | E85: =SONDAGEM!C3 -> 220
A86: 0 | B86: 755 | D86: VOLUME | E86: =FORECAST(E85,OFFSET(B86:B95,MATCH(E85,A86:A95,1)-1,0,2),OFFSET(A86:A95,MATCH(E85,A86:A95,1)-1,0,2)) -> 2601.2
A87: 25 | B87: 967 | D87: TK4 | E87: FUEL OIL HEADER
A88: 50 | B88: 1179 | D88: trim | E88: =E76+200 -> 0
A89: 100 | B89: 1603 | D89: specific wheight ton/m³ | E89: 0.84
A90: 150 | B90: 2028
A91: 200 | B91: 2452
A92: 250 | B92: 2825
A93: 260 | B93: 2825
A97: sounding | B97: volume lts | D97: SONDAGEM | E97: =SONDAGEM!C3 -> 220
A98: 0 | B98: 759 | D98: VOLUME | E98: =FORECAST(E97,OFFSET(B98:B107,MATCH(E97,A98:A107,1)-1,0,2),OFFSET(A98:A107,MATCH(E97,A98:A107,1)-1,0,2)) -> 2603.6
A99: 25 | B99: 971 | D99: TK4 | E99: FUEL OIL HEADER
A100: 50 | B100: 1183 | D100: trim | E100: =E88+200 -> 200
A101: 100 | B101: 1607 | D101: specific wheight ton/m³ | E101: 0.84
A102: 150 | B102: 2031
A103: 200 | B103: 2456
A104: 250 | B104: 2825
A105: 260 | B105: 2825
A109: sounding | B109: volume lts | D109: SONDAGEM | E109: =SONDAGEM!C3 -> 220
A110: 0 | B110: 763 | D110: VOLUME | E110: =FORECAST(E109,OFFSET(B110:B119,MATCH(E109,A110:A119,1)-1,0,2),OFFSET(A110:A119,MATCH(E109,A110:A119,1)-1,0,2)) -> 2605.4
A111: 25 | B111: 975 | D111: TK4 | E111: FUEL OIL HEADER
A112: 50 | B112: 1187 | D112: trim | E112: =E100+200 -> 400
A113: 100 | B113: 1611 | D113: specific wheight ton/m³ | E113: 0.84
A114: 150 | B114: 2035
A115: 200 | B115: 2459
A116: 250 | B116: 2825
A117: 260 | B117: 2825

Sheet TK5
A1: sounding | B1: volume lts | D1: SONDAGEM | E1: =SONDAGEM!C4 -> 220
A2: 0 | B2: 729 | D2: VOLUME | E2: =FORECAST(E1,OFFSET(B2:B11,MATCH(E1,A2:A11,1)-1,0,2),OFFSET(A2:A11,MATCH(E1,A2:A11,1)-1,0,2)) -> 2585.2
A3: 25 | B3: 941 | D3: TK5 | E3: FUEL OIL HEADER
A4: 50 | B4: 1153 | D4: trim | E4: -1400
A5: 100 | B5: 1577 | D5: specific wheight ton/m³ | E5: 0.84
A6: 150 | B6: 2001
A7: 200 | B7: 2426
A8: 250 | B8: 2824
A9: 260 | B9: 2825
A13: sounding | B13: volume lts | D13: SONDAGEM | E13: =SONDAGEM!C4 -> 220
A14: 0 | B14: 733 | D14: VOLUME | E14: =FORECAST(E13,OFFSET(B14:B23,MATCH(E13,A14:A23,1)-1,0,2),OFFSET(A14:A23,MATCH(E13,A14:A23,1)-1,0,2)) -> 2587.4
A15: 25 | B15: 945 | D15: TK5 | E15: FUEL OIL HEADER
A16: 50 | B16: 1157 | D16: trim | E16: =E4+200 -> -1200
A17: 100 | B17: 1581 | D17: specific wheight ton/m³ | E17: 0.84
A18: 150 | B18: 2005
A19: 200 | B19: 2429
A20: 250 | B20: 2825
A21: 260 | B21: 2825
A25: sounding | B25: volume lts | D25: SONDAGEM | E25: =SONDAGEM!C4 -> 220
A26: 0 | B26: 736 | D26: VOLUME | E26: =FORECAST(E25,OFFSET(B26:B35,MATCH(E25,A26:A35,1)-1,0,2),OFFSET(A26:A35,MATCH(E25,A26:A35,1)-1,0,2)) -> 2589.8
A27: 25 | B27: 948 | D27: TK5 | E27: FUEL OIL HEADER
A28: 50 | B28: 1160 | D28: trim | E28: =E16+200 -> -1000
A29: 100 | B29: 1585 | D29: specific wheight ton/m³ | E29: 0.84
A30: 150 | B30: 2009
A31: 200 | B31: 2433
A32: 250 | B32: 2825
A33: 260 | B33: 2825
A37: sounding | B37: volume lts | D37: SONDAGEM | E37: =SONDAGEM!C4 -> 220
A38: 0 | B38: 740 | D38: VOLUME | E38: =FORECAST(E37,OFFSET(B38:B47,MATCH(E37,A38:A47,1)-1,0,2),OFFSET(A38:A47,MATCH(E37,A38:A47,1)-1,0,2)) -> 2592.2
A39: 25 | B39: 952 | D39: TK5 | E39: FUEL OIL HEADER
A40: 50 | B40: 1164 | D40: trim | E40: =E28+200 -> -800
A41: 100 | B41: 1588 | D41: specific wheight ton/m³ | E41: 0.84
A42: 150 | B42: 2013
A43: 200 | B43: 2437
A44: 250 | B44: 2825
A45: 260 | B45: 2825
A49: sounding | B49: volume lts | D49: SONDAGEM | E49: =SONDAGEM!C4 -> 220
A50: 0 | B50: 744 | D50: VOLUME | E50: =FORECAST(E49,OFFSET(B50:B59,MATCH(E49,A50:A59,1)-1,0,2),OFFSET(A50:A59,MATCH(E49,A50:A59,1)-1,0,2)) -> 2594.2
A51: 25 | B51: 956 | D51: TK5 | E51: FUEL OIL HEADER
A52: 50 | B52: 1168 | D52: trim | E52: =E40+200 -> -600
A53: 100 | B53: 1592 | D53: specific wheight ton/m³ | E53: 0.84
A54: 150 | B54: 2016
A55: 200 | B55: 2441
A56: 250 | B56: 2824
A57: 260 | B57: 2825
A61: sounding | B61: volume lts | D61: SONDAGEM | E61: =SONDAGEM!C4 -> 220
A62: 0 | B62: 748 | D62: VOLUME | E62: =FORECAST(E61,OFFSET(B62:B71,MATCH(E61,A62:A71,1)-1,0,2),OFFSET(A62:A71,MATCH(E61,A62:A71,1)-1,0,2)) -> 2596.4
A63: 25 | B63: 960 | D63: TK5 | E63: FUEL OIL HEADER
A64: 50 | B64: 1172 | D64: trim | E64: =E52+200 -> -400
A65: 100 | B65: 1596 | D65: specific wheight ton/m³ | E65: 0.84
A66: 150 | B66: 2020
A67: 200 | B67: 2444
A68: 250 | B68: 2825
A69: 260 | B69: 2825
A73: sounding | B73: volume lts | D73: SONDAGEM | E73: =SONDAGEM!C4 -> 220
A74: 0 | B74: 751 | D74: VOLUME | E74: =FORECAST(E73,OFFSET(B74:B83,MATCH(E73,A74:A83,1)-1,0,2),OFFSET(A74:A83,MATCH(E73,A74:A83,1)-1,0,2)) -> 2598.8
A75: 25 | B75: 963 | D75: TK5 | E75: FUEL OIL HEADER
A76: 50 | B76: 1176 | D76: trim | E76: =E64+200 -> -200
A77: 100 | B77: 1600 | D77: specific wheight ton/m³ | E77: 0.84
A78: 150 | B78: 2024
A79: 200 | B79: 2448
A80: 250 | B80: 2825
A81: 260 | B81: 2825
A85: sounding | B85: volume lts | D85: SONDAGEM | E85: =SONDAGEM!C4 -> 220
A86: 0 | B86: 755 | D86: VOLUME | E86: =FORECAST(E85,OFFSET(B86:B95,MATCH(E85,A86:A95,1)-1,0,2),OFFSET(A86:A95,MATCH(E85,A86:A95,1)-1,0,2)) -> 2601.2
A87: 25 | B87: 967 | D87: TK5 | E87: FUEL OIL HEADER
A88: 50 | B88: 1179 | D88: trim | E88: =E76+200 -> 0
A89: 100 | B89: 1603 | D89: specific wheight ton/m³ | E89: 0.84
A90: 150 | B90: 2028
A91: 200 | B91: 2452
A92: 250 | B92: 2825
A93: 260 | B93: 2825
A97: sounding | B97: volume lts | D97: SONDAGEM | E97: =SONDAGEM!C4 -> 220
A98: 0 | B98: 759 | D98: VOLUME | E98: =FORECAST(E97,OFFSET(B98:B107,MATCH(E97,A98:A107,1)-1,0,2),OFFSET(A98:A107,MATCH(E97,A98:A107,1)-1,0,2)) -> 2603.6
A99: 25 | B99: 971 | D99: TK5 | E99: FUEL OIL HEADER
A100: 50 | B100: 1183 | D100: trim | E100: =E88+200 -> 200
A101: 100 | B101: 1607 | D101: specific wheight ton/m³ | E101: 0.84
A102: 150 | B102: 2031
A103: 200 | B103: 2456
A104: 250 | B104: 2825
A105: 260 | B105: 2825
A109: sounding | B109: volume lts | D109: SONDAGEM | E109: =SONDAGEM!C4 -> 220
A110: 0 | B110: 763 | D110: VOLUME | E110: =FORECAST(E109,OFFSET(B110:B119,MATCH(E109,A110:A119,1)-1,0,2),OFFSET(A110:A119,MATCH(E109,A110:A119,1)-1,0,2)) -> 2605.4
A111: 25 | B111: 975 | D111: TK5 | E111: FUEL OIL HEADER
A112: 50 | B112: 1187 | D112: trim | E112: =E100+200 -> 400
A113: 100 | B113: 1611 | D113: specific wheight ton/m³ | E113: 0.84
A114: 150 | B114: 2035
A115: 200 | B115: 2459
A116: 250 | B116: 2825
A117: 260 | B117: 2825

Sheet TK6
A1: sounding | B1: volume lts | D1: SONDAGEM | E1: =SONDAGEM!C5 -> 210
A2: 0 | B2: 1101 | D2: VOLUME | E2: =FORECAST(E1,OFFSET(B2:B11,MATCH(E1,A2:A11,1)-1,0,2),OFFSET(A2:A11,MATCH(E1,A2:A11,1)-1,0,2)) -> 22878.4
A3: 25 | B3: 3708 | D3: TK6 | E3: FUEL OIL PS
A4: 50 | B4: 7233 | D4: trim | E4: -1400
A5: 100 | B5: 14953 | D5: specific wheight ton/m³ | E5: 0.84
A6: 150 | B6: 20689
A7: 200 | B7: 22532
A8: 250 | B8: 24264
A9: 260 | B9: 24286
A13: sounding | B13: volume lts | D13: SONDAGEM | E13: =SONDAGEM!C5 -> 210
A14: 0 | B14: 893 | D14: VOLUME | E14: =FORECAST(E13,OFFSET(B14:B23,MATCH(E13,A14:A23,1)-1,0,2),OFFSET(A14:A23,MATCH(E13,A14:A23,1)-1,0,2)) -> 22908.2
A15: 25 | B15: 3450 | D15: TK6 | E15: FUEL OIL PS
A16: 50 | B16: 6974 | D16: trim | E16: =E4+200 -> -1200
A17: 100 | B17: 14712 | D17: specific wheight ton/m³ | E17: 0.84
A18: 150 | B18: 20723
A19: 200 | B19: 22565
A20: 250 | B20: 24281
A21: 260 | B21: 24286
A25: sounding | B25: volume lts | D25: SONDAGEM | E25: =SONDAGEM!C5 -> 210
A26: 0 | B26: 708 | D26: VOLUME | E26: =FORECAST(E25,OFFSET(B26:B35,MATCH(E25,A26:A35,1)-1,0,2),OFFSET(A26:A35,MATCH(E25,A26:A35,1)-1,0,2)) -> 22935.6
A27: 25 | B27: 3195 | D27: TK6 | E27: FUEL OIL PS
A28: 50 | B28: 6727 | D28: trim | E28: =E16+200 -> -1000
A29: 100 | B29: 14471 | D29: specific wheight ton/m³ | E29: 0.84
A30: 150 | B30: 20756
A31: 200 | B31: 22598
A32: 250 | B32: 24286
A33: 260 | B33: 24286
A37: sounding | B37: volume lts | D37: SONDAGEM | E37: =SONDAGEM!C5 -> 210
A38: 0 | B38: 546 | D38: VOLUME | E38: =FORECAST(E37,OFFSET(B38:B47,MATCH(E37,A38:A47,1)-1,0,2),OFFSET(A38:A47,MATCH(E37,A38:A47,1)-1,0,2)) -> 22962
A39: 25 | B39: 2941 | D39: TK6 | E39: FUEL OIL PS
A40: 50 | B40: 6479 | D40: trim | E40: =E28+200 -> -800
A41: 100 | B41: 14230 | D41: specific wheight ton/m³ | E41: 0.84
A42: 150 | B42: 20784
A43: 200 | B43: 22631
A44: 250 | B44: 24286
A45: 260 | B45: 24286
A49: sounding | B49: volume lts | D49: SONDAGEM | E49: =SONDAGEM!C5 -> 210
A50: 0 | B50: 407 | D50: VOLUME | E50: =FORECAST(E49,OFFSET(B50:B59,MATCH(E49,A50:A59,1)-1,0,2),OFFSET(A50:A59,MATCH(E49,A50:A59,1)-1,0,2)) -> 22988.4
A51: 25 | B51: 2690 | D51: TK6 | E51: FUEL OIL PS
A52: 50 | B52: 6233 | D52: trim | E52: =E40+200 -> -600
A53: 100 | B53: 13989 | D53: specific wheight ton/m³ | E53: 0.84
A54: 150 | B54: 20814
A55: 200 | B55: 22664
A56: 250 | B56: 24286
A57: 260 | B57: 24286
A61: sounding | B61: volume lts | D61: SONDAGEM | E61: =SONDAGEM!C5 -> 210
A62: 0 | B62: 290 | D62: VOLUME | E62: =FORECAST(E61,OFFSET(B62:B71,MATCH(E61,A62:A71,1)-1,0,2),OFFSET(A62:A71,MATCH(E61,A62:A71,1)-1,0,2)) -> 23014.8
A63: 25 | B63: 2440 | D63: TK6 | E63: FUEL OIL PS
A64: 50 | B64: 5986 | D64: trim | E64: =E52+200 -> -400
A65: 100 | B65: 13748 | D65: specific wheight ton/m³ | E65: 0.84
A66: 150 | B66: 20847
A67: 200 | B67: 22697
A68: 250 | B68: 24286
A69: 260 | B69: 24286
A73: sounding | B73: volume lts | D73: SONDAGEM | E73: =SONDAGEM!C5 -> 210
A74: 0 | B74: 199 | D74: VOLUME | E74: =FORECAST(E73,OFFSET(B74:B83,MATCH(E73,A74:A83,1)-1,0,2),OFFSET(A74:A83,MATCH(E73,A74:A83,1)-1,0,2)) -> 23041.2
A75: 25 | B75: 2197 | D75: TK6 | E75: FUEL OIL PS
A76: 50 | B76: 5740 | D76: trim | E76: =E64+200 -> -200
A77: 100 | B77: 13507 | D77: specific wheight ton/m³ | E77: 0.84
A78: 150 | B78: 20860
A79: 200 | B79: 22730
A80: 250 | B80: 24286
A81: 260 | B81: 24286
A85: sounding | B85: volume lts | D85: SONDAGEM | E85: =SONDAGEM!C5 -> 210
A86: 0 | B86: 131 | D86: VOLUME | E86: =FORECAST(E85,OFFSET(B86:B95,MATCH(E85,A86:A95,1)-1,0,2),OFFSET(A86:A95,MATCH(E85,A86:A95,1)-1,0,2)) -> 23067.6
A87: 25 | B87: 1966 | D87: TK6 | E87: FUEL OIL PS
A88: 50 | B88: 5495 | D88: trim | E88: =E76+200 -> 0
A89: 100 | B89: 13266 | D89: specific wheight ton/m³ | E89: 0.84
A90: 150 | B90: 20765
A91: 200 | B91: 22763
A92: 250 | B92: 24286
A93: 260 | B93: 24286
A97: sounding | B97: volume lts | D97: SONDAGEM | E97: =SONDAGEM!C5 -> 210
A98: 0 | B98: 86 | D98: VOLUME | E98: =FORECAST(E97,OFFSET(B98:B107,MATCH(E97,A98:A107,1)-1,0,2),OFFSET(A98:A107,MATCH(E97,A98:A107,1)-1,0,2)) -> 23094
A99: 25 | B99: 1756 | D99: TK6 | E99: FUEL OIL PS
A100: 50 | B100: 5250 | D100: trim | E100: =E88+200 -> 200
A101: 100 | B101: 13025 | D101: specific wheight ton/m³ | E101: 0.84
A102: 150 | B102: 20524
A103: 200 | B103: 22796
A104: 250 | B104: 24286
A105: 260 | B105: 24286
A109: sounding | B109: volume lts | D109: SONDAGEM | E109: =SONDAGEM!C5 -> 210
A110: 0 | B110: 63 | D110: VOLUME | E110: =FORECAST(E109,OFFSET(B110:B119,MATCH(E109,A110:A119,1)-1,0,2),OFFSET(A110:A119,MATCH(E109,A110:A119,1)-1,0,2)) -> 23120.4
A111: 25 | B111: 1567 | D111: TK6 | E111: FUEL OIL PS
A112: 50 | B112: 5005 | D112: trim | E112: =E100+200 -> 400
A113: 100 | B113: 12784 | D113: specific wheight ton/m³ | E113: 0.84
A114: 150 | B114: 20283
A115: 200 | B115: 22829
A116: 250 | B116: 24286
A117: 260 | B117: 24286

Sheet TK7
A1: sounding | B1: volume lts | D1: SONDAGEM | E1: =SONDAGEM!C6 -> 210
A2: 0 | B2: 1133 | D2: VOLUME | E2: =FORECAST(E1,OFFSET(B2:B11,MATCH(E1,A2:A11,1)-1,0,2),OFFSET(A2:A11,MATCH(E1,A2:A11,1)-1,0,2)) -> 22892.4
A3: 25 | B3: 3764 | D3: TK7 | E3: FUEL OIL SB
A4: 50 | B4: 7289 | D4: trim | E4: -1400
A5: 100 | B5: 15019 | D5: specific wheight ton/m³ | E5: 0.84
A6: 150 | B6: 20707
A7: 200 | B7: 22548
A8: 250 | B8: 24270
A9: 260 | B9: 24286
A13: sounding | B13: volume lts | D13: SONDAGEM | E13: =SONDAGEM!C6 -> 210
A14: 0 | B14: 925 | D14: VOLUME | E14: =FORECAST(E13,OFFSET(B14:B23,MATCH(E13,A14:A23,1)-1,0,2),OFFSET(A14:A23,MATCH(E13,A14:A23,1)-1,0,2)) -> 22921.6
A15: 25 | B15: 3508 | D15: TK7 | E15: FUEL OIL SB
A16: 50 | B16: 7042 | D16: trim | E16: =E4+200 -> -1200
A17: 100 | B17: 14780 | D17: specific wheight ton/m³ | E17: 0.84
A18: 150 | B18: 20741
A19: 200 | B19: 22581
A20: 250 | B20: 24284
A21: 260 | B21: 24286
A25: sounding | B25: volume lts | D25: SONDAGEM | E25: =SONDAGEM!C6 -> 210
A26: 0 | B26: 738 | D26: VOLUME | E26: =FORECAST(E25,OFFSET(B26:B35,MATCH(E25,A26:A35,1)-1,0,2),OFFSET(A26:A35,MATCH(E25,A26:A35,1)-1,0,2)) -> 22949.2
A27: 25 | B27: 3354 | D27: TK7 | E27: FUEL OIL SB
A28: 50 | B28: 6796 | D28: trim | E28: =E16+200 -> -1000
A29: 100 | B29: 14540 | D29: specific wheight ton/m³ | E29: 0.84
A30: 150 | B30: 20773
A31: 200 | B31: 22615
A32: 250 | B32: 24286
A33: 260 | B33: 24286
A37: sounding | B37: volume lts | D37: SONDAGEM | E37: =SONDAGEM!C6 -> 210
A38: 0 | B38: 573 | D38: VOLUME | E38: =FORECAST(E37,OFFSET(B38:B47,MATCH(E37,A38:A47,1)-1,0,2),OFFSET(A38:A47,MATCH(E37,A38:A47,1)-1,0,2)) -> 22975.6
A39: 25 | B39: 3001 | D39: TK7 | E39: FUEL OIL SB
A40: 50 | B40: 6550 | D40: trim | E40: =E28+200 -> -800
A41: 100 | B41: 14300 | D41: specific wheight ton/m³ | E41: 0.84
A42: 150 | B42: 20804
A43: 200 | B43: 22648
A44: 250 | B44: 24286
A45: 260 | B45: 24286
A49: sounding | B49: volume lts | D49: SONDAGEM | E49: =SONDAGEM!C6 -> 210
A50: 0 | B50: 430 | D50: VOLUME | E50: =FORECAST(E49,OFFSET(B50:B59,MATCH(E49,A50:A59,1)-1,0,2),OFFSET(A50:A59,MATCH(E49,A50:A59,1)-1,0,2)) -> 23002
A51: 25 | B51: 2749 | D51: TK7 | E51: FUEL OIL SB
A52: 50 | B52: 6304 | D52: trim | E52: =E40+200 -> -600
A53: 100 | B53: 14060 | D53: specific wheight ton/m³ | E53: 0.84
A54: 150 | B54: 20837
A55: 200 | B55: 22681
A56: 250 | B56: 24286
A57: 260 | B57: 24286
A61: sounding | B61: volume lts | D61: SONDAGEM | E61: =SONDAGEM!C6 -> 210
A62: 0 | B62: 312 | D62: VOLUME | E62: =FORECAST(E61,OFFSET(B62:B71,MATCH(E61,A62:A71,1)-1,0,2),OFFSET(A62:A71,MATCH(E61,A62:A71,1)-1,0,2)) -> 23029.2
A63: 25 | B63: 2501 | D63: TK7 | E63: FUEL OIL SB
A64: 50 | B64: 6060 | D64: trim | E64: =E52+200 -> -400
A65: 100 | B65: 13820 | D65: specific wheight ton/m³ | E65: 0.84
A66: 150 | B66: 16070
A67: 200 | B67: 22715
A68: 250 | B68: 24286
A69: 260 | B69: 24286
A73: sounding | B73: volume lts | D73: SONDAGEM | E73: =SONDAGEM!C6 -> 210
A74: 0 | B74: 218 | D74: VOLUME | E74: =FORECAST(E73,OFFSET(B74:B83,MATCH(E73,A74:A83,1)-1,0,2),OFFSET(A74:A83,MATCH(E73,A74:A83,1)-1,0,2)) -> 23055.6
A75: 25 | B75: 2258 | D75: TK7 | E75: FUEL OIL SB
A76: 50 | B76: 5815 | D76: trim | E76: =E64+200 -> -200
A77: 100 | B77: 13581 | D77: specific wheight ton/m³ | E77: 0.84
A78: 150 | B78: 20885
A79: 200 | B79: 22748
A80: 250 | B80: 24286
A81: 260 | B81: 24286
A85: sounding | B85: volume lts | D85: SONDAGEM | E85: =SONDAGEM!C6 -> 210
A86: 0 | B86: 146 | D86: VOLUME | E86: =FORECAST(E85,OFFSET(B86:B95,MATCH(E85,A86:A95,1)-1,0,2),OFFSET(A86:A95,MATCH(E85,A86:A95,1)-1,0,2)) -> 23082
A87: 25 | B87: 2025 | D87: TK7 | E87: FUEL OIL SB
A88: 50 | B88: 5571 | D88: trim | E88: =E76+200 -> 0
A89: 100 | B89: 13341 | D89: specific wheight ton/m³ | E89: 0.84
A90: 150 | B90: 20840
A91: 200 | B91: 22781
A92: 250 | B92: 24286
A93: 260 | B93: 24286
A97: sounding | B97: volume lts | D97: SONDAGEM | E97: =SONDAGEM!C6 -> 210
A98: 0 | B98: 97 | D98: VOLUME | E98: =FORECAST(E97,OFFSET(B98:B107,MATCH(E97,A98:A107,1)-1,0,2),OFFSET(A98:A107,MATCH(E97,A98:A107,1)-1,0,2)) -> 23109.2
A99: 25 | B99: 1811 | D99: TK7 | E99: FUEL OIL SB
A100: 50 | B100: 5328 | D100: trim | E100: =E88+200 -> 200
A101: 100 | B101: 13101 | D101: specific wheight ton/m³ | E101: 0.84
A102: 150 | B102: 20600
A103: 200 | B103: 22815
A104: 250 | B104: 24286
A105: 260 | B105: 24286
A109: sounding | B109: volume lts | D109: SONDAGEM | E109: =SONDAGEM!C6 -> 210
A110: 0 | B110: 73 | D110: VOLUME | E110: =FORECAST(E109,OFFSET(B110:B119,MATCH(E109,A110:A119,1)-1,0,2),OFFSET(A110:A119,MATCH(E109,A110:A119,1)-1,0,2)) -> 23135.6
A111: 25 | B111: 1622 | D111: TK7 | E111: FUEL OIL SB
A112: 50 | B112: 5085 | D112: trim | E112: =E100+200 -> 400
A113: 100 | B113: 12861 | D113: specific wheight ton/m³ | E113: 0.84
A114: 150 | B114: 20360
A115: 200 | B115: 22848
A116: 250 | B116: 24286
A117: 260 | B117: 24286

Sheet TK11
A1: sounding | B1: volume lts | D1: SONDAGEM | E1: =SONDAGEM!C7 -> 210
A2: 0 | B2: 22 | D2: VOLUME | E2: =FORECAST(E1,OFFSET(B2:B11,MATCH(E1,A2:A11,1)-1,0,2),OFFSET(A2:A11,MATCH(E1,A2:A11,1)-1,0,2)) -> 10841.8
A3: 25 | B3: 311 | D3: TK11 | E3: FUEL OIL AFT PS
A4: 50 | B4: 1077 | D4: trim | E4: -1400
A5: 100 | B5: 3742 | D5: specific wheight ton/m³ | E5: 0.84
A6: 150 | B6: 7254
A7: 200 | B7: 10647
A8: 250 | B8: 11621
A9: 260 | B9: 11621
A13: sounding | B13: volume lts | D13: SONDAGEM | E13: =SONDAGEM!C7 -> 210
A14: 0 | B14: 22 | D14: VOLUME | E14: =FORECAST(E13,OFFSET(B14:B23,MATCH(E13,A14:A23,1)-1,0,2),OFFSET(A14:A23,MATCH(E13,A14:A23,1)-1,0,2)) -> 10794.6
A15: 25 | B15: 306 | D15: TK11 | E15: FUEL OIL AFT PS
A16: 50 | B16: 1057 | D16: trim | E16: =E4+200 -> -1200
A17: 100 | B17: 3674 | D17: specific wheight ton/m³ | E17: 0.84
A18: 150 | B18: 7189
A19: 200 | B19: 10588
A20: 250 | B20: 11621
A21: 260 | B21: 11621
A25: sounding | B25: volume lts | D25: SONDAGEM | E25: =SONDAGEM!C7 -> 210
A26: 0 | B26: 21 | D26: VOLUME | E26: =FORECAST(E25,OFFSET(B26:B35,MATCH(E25,A26:A35,1)-1,0,2),OFFSET(A26:A35,MATCH(E25,A26:A35,1)-1,0,2)) -> 10746.6
A27: 25 | B27: 302 | D27: TK11 | E27: FUEL OIL AFT PS
A28: 50 | B28: 1040 | D28: trim | E28: =E16+200 -> -1000
A29: 100 | B29: 3610 | D29: specific wheight ton/m³ | E29: 0.84
A30: 150 | B30: 7124
A31: 200 | B31: 10528
A32: 250 | B32: 11621
A33: 260 | B33: 11621
A37: sounding | B37: volume lts | D37: SONDAGEM | E37: =SONDAGEM!C7 -> 210
A38: 0 | B38: 22 | D38: VOLUME | E38: =FORECAST(E37,OFFSET(B38:B47,MATCH(E37,A38:A47,1)-1,0,2),OFFSET(A38:A47,MATCH(E37,A38:A47,1)-1,0,2)) -> 10697.8
A39: 25 | B39: 299 | D39: TK11 | E39: FUEL OIL AFT PS
A40: 50 | B40: 1024 | D40: trim | E40: =E28+200 -> -800
A41: 100 | B41: 3550 | D41: specific wheight ton/m³ | E41: 0.84
A42: 150 | B42: 7059
A43: 200 | B43: 10467
A44: 250 | B44: 11621
A45: 260 | B45: 11621
A49: sounding | B49: volume lts | D49: SONDAGEM | E49: =SONDAGEM!C7 -> 210
A50: 0 | B50: 22 | D50: VOLUME | E50: =FORECAST(E49,OFFSET(B50:B59,MATCH(E49,A50:A59,1)-1,0,2),OFFSET(A50:A59,MATCH(E49,A50:A59,1)-1,0,2)) -> 10648.2
A51: 25 | B51: 296 | D51: TK11 | E51: FUEL OIL AFT PS
A52: 50 | B52: 1010 | D52: trim | E52: =E40+200 -> -600
A53: 100 | B53: 3494 | D53: specific wheight ton/m³ | E53: 0.84
A54: 150 | B54: 6995
A55: 200 | B55: 10405
A56: 250 | B56: 11621
A57: 260 | B57: 11621
A61: sounding | B61: volume lts | D61: SONDAGEM | E61: =SONDAGEM!C7 -> 210
A62: 0 | B62: 22 | D62: VOLUME | E62: =FORECAST(E61,OFFSET(B62:B71,MATCH(E61,A62:A71,1)-1,0,2),OFFSET(A62:A71,MATCH(E61,A62:A71,1)-1,0,2)) -> 10598.6
A63: 25 | B63: 293 | D63: TK11 | E63: FUEL OIL AFT PS
A64: 50 | B64: 997 | D64: trim | E64: =E52+200 -> -400
A65: 100 | B65: 3441 | D65: specific wheight ton/m³ | E65: 0.84
A66: 150 | B66: 6930
A67: 200 | B67: 10343
A68: 250 | B68: 11621
A69: 260 | B69: 11621
A73: sounding | B73: volume lts | D73: SONDAGEM | E73: =SONDAGEM!C7 -> 210
A74: 0 | B74: 23 | D74: VOLUME | E74: =FORECAST(E73,OFFSET(B74:B83,MATCH(E73,A74:A83,1)-1,0,2),OFFSET(A74:A83,MATCH(E73,A74:A83,1)-1,0,2)) -> 10549
A75: 25 | B75: 292 | D75: TK11 | E75: FUEL OIL AFT PS
A76: 50 | B76: 984 | D76: trim | E76: =E64+200 -> -200
A77: 100 | B77: 3392 | D77: specific wheight ton/m³ | E77: 0.84
A78: 150 | B78: 6865
A79: 200 | B79: 10281
A80: 250 | B80: 11621
A81: 260 | B81: 11621
A85: sounding | B85: volume lts | D85: SONDAGEM | E85: =SONDAGEM!C7 -> 210
A86: 0 | B86: 23 | D86: VOLUME | E86: =FORECAST(E85,OFFSET(B86:B95,MATCH(E85,A86:A95,1)-1,0,2),OFFSET(A86:A95,MATCH(E85,A86:A95,1)-1,0,2)) -> 10498.6
A87: 25 | B87: 291 | D87: TK11 | E87: FUEL OIL AFT PS
A88: 50 | B88: 974 | D88: trim | E88: =E76+200 -> 0
A89: 100 | B89: 3246 | D89: specific wheight ton/m³ | E89: 0.84
A90: 150 | B90: 6800
A91: 200 | B91: 10218
A92: 250 | B92: 11621
A93: 260 | B93: 11621
A97: sounding | B97: volume lts | D97: SONDAGEM | E97: =SONDAGEM!C7 -> 210
A98: 0 | B98: 23 | D98: VOLUME | E98: =FORECAST(E97,OFFSET(B98:B107,MATCH(E97,A98:A107,1)-1,0,2),OFFSET(A98:A107,MATCH(E97,A98:A107,1)-1,0,2)) -> 10449
A99: 25 | B99: 289 | D99: TK11 | E99: FUEL OIL AFT PS
A100: 50 | B100: 964 | D100: trim | E100: =E88+200 -> 200
A101: 100 | B101: 3304 | D101: specific wheight ton/m³ | E101: 0.84
A102: 150 | B102: 6736
A103: 200 | B103: 10156
A104: 250 | B104: 11621
A105: 260 | B105: 11621
A109: sounding | B109: volume lts | D109: SONDAGEM | E109: =SONDAGEM!C7 -> 210
A110: 0 | B110: 24 | D110: VOLUME | E110: =FORECAST(E109,OFFSET(B110:B119,MATCH(E109,A110:A119,1)-1,0,2),OFFSET(A110:A119,MATCH(E109,A110:A119,1)-1,0,2)) -> 10398.6
A111: 25 | B111: 288 | D111: TK11 | E111: FUEL OIL AFT PS
A112: 50 | B112: 955 | D112: trim | E112: =E100+200 -> 400
A113: 100 | B113: 3264 | D113: specific wheight ton/m³ | E113: 0.84
A114: 150 | B114: 6672
A115: 200 | B115: 10093
A116: 250 | B116: 11621
A117: 260 | B117: 11621

Sheet TK12
A1: sounding | B1: volume lts | D1: SONDAGEM | E1: =SONDAGEM!C8 -> 210
A2: 0 | B2: 30 | D2: VOLUME | E2: =FORECAST(E1,OFFSET(B2:B11,MATCH(E1,A2:A11,1)-1,0,2),OFFSET(A2:A11,MATCH(E1,A2:A11,1)-1,0,2)) -> 13963
A3: 25 | B3: 497 | D3: TK12 | E3: FUEL OIL AFT SB
A4: 50 | B4: 1646 | D4: trim | E4: -1400
A5: 100 | B5: 5155 | D5: specific wheight ton/m³ | E5: 0.84
A6: 150 | B6: 9561
A7: 200 | B7: 13747
A8: 250 | B8: 14827
A9: 260 | B9: 14827
A13: sounding | B13: volume lts | D13: SONDAGEM | E13: =SONDAGEM!C8 -> 210
A14: 0 | B14: 35 | D14: VOLUME | E14: =FORECAST(E13,OFFSET(B14:B23,MATCH(E13,A14:A23,1)-1,0,2),OFFSET(A14:A23,MATCH(E13,A14:A23,1)-1,0,2)) -> 13915.8
A15: 25 | B15: 511 | D15: TK12 | E15: FUEL OIL AFT SB
A16: 50 | B16: 1654 | D16: trim | E16: =E4+200 -> -1200
A17: 100 | B17: 5120 | D17: specific wheight ton/m³ | E17: 0.84
A18: 150 | B18: 9531
A19: 200 | B19: 13688
A20: 250 | B20: 14827
A21: 260 | B21: 14827
A25: sounding | B25: volume lts | D25: SONDAGEM | E25: =SONDAGEM!C8 -> 210
A26: 0 | B26: 39 | D26: VOLUME | E26: =FORECAST(E25,OFFSET(B26:B35,MATCH(E25,A26:A35,1)-1,0,2),OFFSET(A26:A35,MATCH(E25,A26:A35,1)-1,0,2)) -> 13868.6
A27: 25 | B27: 525 | D27: TK12 | E27: FUEL OIL AFT SB
A28: 50 | B28: 1663 | D28: trim | E28: =E16+200 -> -1000
A29: 100 | B29: 5089 | D29: specific wheight ton/m³ | E29: 0.84
A30: 150 | B30: 9502
A31: 200 | B31: 13629
A32: 250 | B32: 14827
A33: 260 | B33: 14827
A37: sounding | B37: volume lts | D37: SONDAGEM | E37: =SONDAGEM!C8 -> 210
A38: 0 | B38: 44 | D38: VOLUME | E38: =FORECAST(E37,OFFSET(B38:B47,MATCH(E37,A38:A47,1)-1,0,2),OFFSET(A38:A47,MATCH(E37,A38:A47,1)-1,0,2)) -> 13820.6
A39: 25 | B39: 541 | D39: TK12 | E39: FUEL OIL AFT SB
A40: 50 | B40: 1674 | D40: trim | E40: =E28+200 -> -800
A41: 100 | B41: 5061 | D41: specific wheight ton/m³ | E41: 0.84
A42: 150 | B42: 9472
A43: 200 | B43: 13569
A44: 250 | B44: 14827
A45: 260 | B45: 14827
A49: sounding | B49: volume lts | D49: SONDAGEM | E49: =SONDAGEM!C8 -> 210
A50: 0 | B50: 51 | D50: VOLUME | E50: =FORECAST(E49,OFFSET(B50:B59,MATCH(E49,A50:A59,1)-1,0,2),OFFSET(A50:A59,MATCH(E49,A50:A59,1)-1,0,2)) -> 13772.6
A51: 25 | B51: 558 | D51: TK12 | E51: FUEL OIL AFT SB
A52: 50 | B52: 1686 | D52: trim | E52: =E40+200 -> -600
A53: 100 | B53: 5038 | D53: specific wheight ton/m³ | E53: 0.84
A54: 150 | B54: 9443
A55: 200 | B55: 13509
A56: 250 | B56: 14827
A57: 260 | B57: 14827
A61: sounding | B61: volume lts | D61: SONDAGEM | E61: =SONDAGEM!C8 -> 210
A62: 0 | B62: 57 | D62: VOLUME | E62: =FORECAST(E61,OFFSET(B62:B71,MATCH(E61,A62:A71,1)-1,0,2),OFFSET(A62:A71,MATCH(E61,A62:A71,1)-1,0,2)) -> 13724.6
A63: 25 | B63: 576 | D63: TK12 | E63: FUEL OIL AFT SB
A64: 50 | B64: 1700 | D64: trim | E64: =E52+200 -> -400
A65: 100 | B65: 5018 | D65: specific wheight ton/m³ | E65: 0.84
A66: 150 | B66: 9413
A67: 200 | B67: 13449
A68: 250 | B68: 14827
A69: 260 | B69: 14827
A73: sounding | B73: volume lts | D73: SONDAGEM | E73: =SONDAGEM!C8 -> 210
A74: 0 | B74: 64 | D74: VOLUME | E74: =FORECAST(E73,OFFSET(B74:B83,MATCH(E73,A74:A83,1)-1,0,2),OFFSET(A74:A83,MATCH(E73,A74:A83,1)-1,0,2)) -> 13675.8
A75: 25 | B75: 595 | D75: TK12 | E75: FUEL OIL AFT SB
A76: 50 | B76: 1714 | D76: trim | E76: =E64+200 -> -200
A77: 100 | B77: 5002 | D77: specific wheight ton/m³ | E77: 0.84
A78: 150 | B78: 9384
A79: 200 | B79: 13388
A80: 250 | B80: 14827
A81: 260 | B81: 14827
A85: sounding | B85: volume lts | D85: SONDAGEM | E85: =SONDAGEM!C8 -> 210
A86: 0 | B86: 72 | D86: VOLUME | E86: =FORECAST(E85,OFFSET(B86:B95,MATCH(E85,A86:A95,1)-1,0,2),OFFSET(A86:A95,MATCH(E85,A86:A95,1)-1,0,2)) -> 13625.4
A87: 25 | B87: 615 | D87: TK12 | E87: FUEL OIL AFT SB
A88: 50 | B88: 1730 | D88: trim | E88: =E76+200 -> 0
A89: 100 | B89: 4989 | D89: specific wheight ton/m³ | E89: 0.84
A90: 150 | B90: 9355
A91: 200 | B91: 13325
A92: 250 | B92: 14827
A93: 260 | B93: 14827
A97: sounding | B97: volume lts | D97: SONDAGEM | E97: =SONDAGEM!C8 -> 210
A98: 0 | B98: 80 | D98: VOLUME | E98: =FORECAST(E97,OFFSET(B98:B107,MATCH(E97,A98:A107,1)-1,0,2),OFFSET(A98:A107,MATCH(E97,A98:A107,1)-1,0,2)) -> 13575
A99: 25 | B99: 637 | D99: TK12 | E99: FUEL OIL AFT SB
A100: 50 | B100: 1746 | D100: trim | E100: =E88+200 -> 200
A101: 100 | B101: 4979 | D101: specific wheight ton/m³ | E101: 0.84
A102: 150 | B102: 9326
A103: 200 | B103: 13262
A104: 250 | B104: 14827
A105: 260 | B105: 14827
A109: sounding | B109: volume lts | D109: SONDAGEM | E109: =SONDAGEM!C8 -> 210
A110: 0 | B110: 88 | D110: VOLUME | E110: =FORECAST(E109,OFFSET(B110:B119,MATCH(E109,A110:A119,1)-1,0,2),OFFSET(A110:A119,MATCH(E109,A110:A119,1)-1,0,2)) -> 13524.6
A111: 25 | B111: 658 | D111: TK12 | E111: FUEL OIL AFT SB
A112: 50 | B112: 1764 | D112: trim | E112: =E100+200 -> 400
A113: 100 | B113: 4971 | D113: specific wheight ton/m³ | E113: 0.84
A114: 150 | B114: 9298
A115: 200 | B115: 13199
A116: 250 | B116: 14827
A117: 260 | B117: 14827
