Workbook

Sheet SONDAGEM CLASSE C 322-326
A1: SONDAGEM CLASSE C CARIPUNA - CAIAPÓ - CARAJÁ- CHARRUA - CRAÓ | D1: VOLUME LITROS
A2: TANQUE | B2: DESCRIÇÃO | C2: SONDAGEM | D2: CAPACIDADE | E2: TRIM 0 | F2: % | G2: TRIM 50 | H2: %
A3: DIARIO BB | B3: FODAY.P | C3: 2800 | D3: =[1]FODAY.P!B31 -> 22623 | E3: =FODAY.P!E2 -> 22491 | F3: =E3/D3 -> 0.99416523 | G3: ='FODAY.P 50'!E2 -> 22516 | H3: =SUM(G3/D3) -> 0.9952703
A4: DIARIO BE | B4: FODAY.S | C4: 2100 | D4: =[1]FODAY.S!B31 -> 22623 | E4: =FODAY.S!E2 -> 16810 | F4: =E4/D4 -> 0.74304911 | G4: ='FODAY.S 50'!E2 -> 16825 | H4: =G4/D4 -> 0.74371215
A5: LATERAL BB | B5: FO_AFT.P | C5: 2100 | D5: =[1]FO_AFT.P!B25 -> 21254 | E5: =FOAFT.P!E2 -> 18835 | F5: =E5/D5 -> 0.88618613 | G5: ='FO_AFT.P 50'!E2 -> 19353 | H5: =G5/D5 -> 0.91055801
A6: LATERAL BE | B6: FO_AFT.S | C6: 2000 | D6: =[1]FO_AFT.S!B25 -> 21254 | E6: =FOAFT.S!E2 -> 14180 | F6: =E6/D6 -> 0.66716853 | G6: ='FO_AFT.S 50'!E2 -> 14678 | H6: =G6/D6 -> 0.69059942
A7: DUPLO FUNDO BB | B7: FO_DB.P | C7: 2000 | D7: =[1]FO_DB.P!B37 -> 30231 | E7: =FODB.P!E2 -> 25966 | F7: =E7/D7 -> 0.85891965 | G7: ='FODB.P 50'!E2 -> 25604 | H7: =G7/D7 -> 0.84694519
A8: DUPLO FUNDO CENTRAL | B8: FO_DB.C | C8: 2000 | D8: =[1]FO_DB.C!B26 -> 44451 | E8: =FODB.C!E2 -> 35026 | F8: =E8/D8 -> 0.78796877 | G8: ='FODB.C 50'!E2 -> 34582 | H8: =G8/D8 -> 0.77798025
A9: DUPLO FUNDO BE | B9: FO_DB.S | C9: 2000 | D9: =[1]FO_DB.S!B37 -> 34110 | E9: =FODB.S!E2 -> 29225 | F9: =E9/D9 -> 0.85678687 | G9: ='FODB.S 50'!E2 -> 29734 | H9: =G9/D9 -> 0.87170918
A10: TOTAL | D10: =SUM(D3:D9) -> 196546 | E10: =SUM(E3:E9) -> 162533 | F10: =E10/D10 -> 0.82694636 | G10: =SUM(G3:G9) -> 163292 | H10: =G10/D10 -> 0.83080806

Sheet FODAY.P
A1: Snding | B1: LITERS | D1: SONDAGEM | E1: ='SONDAGEM CLASSE C 322-326'!C3 -> 2800
A2: 0 | B2: 132 | D2: VOLUME | E2: =FORECAST(E1,OFFSET(B2:B100,MATCH(E1,A2:A100,1)-1,0,2),OFFSET(A2:A100,MATCH(E1,A2:A100,1)-1,0,2)) -> 22491
A3: 100 | B3: 908
A4: 200 | B4: 1686
A5: 300 | B5: 2466
A6: 400 | B6: 3247
A7: 500 | B7: 4031
A8: 600 | B8: 4816
A9: 700 | B9: 5603
A10: 800 | B10: 6392
A11: 900 | B11: 7182
A12: 1000 | B12: 7975
A13: 1100 | B13: 8769
A14: 1200 | B14: 9565
... A31: 2900 | B31: 22623

Sheet FODAY.S
A1: Snding | B1: LITERS | D1: SONDAGEM | E1: ='SONDAGEM CLASSE C 322-326'!C4 -> 2100
A2: 0 | B2: 132 | D2: VOLUME | E2: =FORECAST(E1,OFFSET(B2:B100,MATCH(E1,A2:A100,1)-1,0,2),OFFSET(A2:A100,MATCH(E1,A2:A100,1)-1,0,2)) -> 16810
A3: 100 | B3: 908
A4: 200 | B4: 1686
A5: 300 | B5: 2466
A6: 400 | B6: 3247
A7: 500 | B7: 4031
A8: 600 | B8: 4816
A9: 700 | B9: 5603
A10: 800 | B10: 6392
A11: 900 | B11: 7182
A12: 1000 | B12: 7975
A13: 1100 | B13: 8769
A14: 1200 | B14: 9565
... A31: 2848 | B31: 22623

Sheet FOAFT.P
A1: Snding | B1: LITERS | D1: SONDAGEM | E1: ='SONDAGEM CLASSE C 322-326'!C5 -> 2100
A2: 0 | B2: 4 | D2: VOLUME | E2: =FORECAST(E1,OFFSET(B2:B100,MATCH(E1,A2:A100,1)-1,0,2),OFFSET(A2:A100,MATCH(E1,A2:A100,1)-1,0,2)) -> 18835
A3: 100 | B3: 25
A4: 200 | B4: 68
A5: 300 | B5: 143
A6: 400 | B6: 256
A7: 500 | B7: 418
A8: 600 | B8: 642
A9: 700 | B9: 964
A10: 800 | B10: 1414
A11: 900 | B11: 2022
A12: 1000 | B12: 2816
A13: 1100 | B13: 3792
A14: 1200 | B14: 4934
... A25: 2245 | B25: 21254

Sheet FOAFT.S
A1: Snding | B1: LITERS | D1: SONDAGEM | E1: ='SONDAGEM CLASSE C 322-326'!C6 -> 2000
A2: 0 | B2: 2 | D2: VOLUME | E2: =FORECAST(E1,OFFSET(B2:B100,MATCH(E1,A2:A100,1)-1,0,2),OFFSET(A2:A100,MATCH(E1,A2:A100,1)-1,0,2)) -> 14180
A3: 100 | B3: 18
A4: 200 | B4: 52
A5: 300 | B5: 119
A6: 400 | B6: 220
A7: 500 | B7: 369
A8: 600 | B8: 569
A9: 700 | B9: 833
A10: 800 | B10: 1165
A11: 900 | B11: 1574
A12: 1000 | B12: 2067
A13: 1100 | B13: 2662
A14: 1200 | B14: 3407
... A27: 2424 | B27: 21254

Sheet FODB.P
A1: Snding | B1: LITERS | D1: SONDAGEM | E1: ='SONDAGEM CLASSE C 322-326'!C7 -> 2000
A2: 0 | B2: 19 | D2: VOLUME | E2: =FORECAST(E1,OFFSET(B2:B100,MATCH(E1,A2:A100,1)-1,0,2),OFFSET(A2:A100,MATCH(E1,A2:A100,1)-1,0,2)) -> 25966
A3: 100 | B3: 162
A4: 200 | B4: 492
A5: 300 | B5: 1026
A6: 400 | B6: 1754
A7: 500 | B7: 2676
A8: 600 | B8: 3784
A9: 700 | B9: 5010
A10: 800 | B10: 6308
A11: 900 | B11: 7660
A12: 1000 | B12: 9053
A13: 1100 | B13: 10479
A14: 1200 | B14: 11937
... A24: 2182 | B24: 30231

Sheet FODB.C
A1: Snding | B1: LITERS | D1: SONDAGEM | E1: ='SONDAGEM CLASSE C 322-326'!C8 -> 2000
A2: 0 | B2: 0 | D2: VOLUME | E2: =FORECAST(E1,OFFSET(B2:B100,MATCH(E1,A2:A100,1)-1,0,2),OFFSET(A2:A100,MATCH(E1,A2:A100,1)-1,0,2)) -> 35026
A3: 100 | B3: 215
A4: 200 | B4: 731
A5: 300 | B5: 1533
A6: 400 | B6: 2641
A7: 500 | B7: 4035
A8: 600 | B8: 5573
A9: 700 | B9: 7162
A10: 800 | B10: 8772
A11: 900 | B11: 10398
A12: 1000 | B12: 12137
A13: 1100 | B13: 14022
A14: 1200 | B14: 16066
... A26: 2400 | B26: 44451

Sheet FODB.S
A1: Snding | B1: LITERS | D1: SONDAGEM | E1: ='SONDAGEM CLASSE C 322-326'!C9 -> 2000
A2: 0 | B2: 19 | D2: VOLUME | E2: =FORECAST(E1,OFFSET(B2:B100,MATCH(E1,A2:A100,1)-1,0,2),OFFSET(A2:A100,MATCH(E1,A2:A100,1)-1,0,2)) -> 29225
A3: 100 | B3: 162
A4: 200 | B4: 492
A5: 300 | B5: 1026
A6: 400 | B6: 1761
A7: 500 | B7: 2703
A8: 600 | B8: 3859
A9: 700 | B9: 5170
A10: 800 | B10: 6591
A11: 900 | B11: 8102
A12: 1000 | B12: 9683
A13: 1100 | B13: 11321
A14: 1200 | B14: 13004
... A24: 2200 | B24: 34110

Sheet FODAY.P 50
A1: Snding | B1: LITERS | D1: SONDAGEM | E1: ='SONDAGEM CLASSE C 322-326'!C3 -> 2800
A2: 0 | B2: 159 | D2: VOLUME | E2: =FORECAST(E1,OFFSET(B2:B100,MATCH(E1,A2:A100,1)-1,0,2),OFFSET(A2:A100,MATCH(E1,A2:A100,1)-1,0,2)) -> 22516
A3: 100 | B3: 923
A4: 200 | B4: 1701
A5: 300 | B5: 2481
A6: 400 | B6: 3263
A7: 500 | B7: 4046
A8: 600 | B8: 4831
A9: 700 | B9: 5618
A10: 800 | B10: 6407
A11: 900 | B11: 7198
A12: 1000 | B12: 7990
A13: 1100 | B13: 8784
A14: 1200 | B14: 9580
... A31: 2900 | B31: 22623

Sheet FODAY.S 50
A1: Snding | B1: LITERS | D1: SONDAGEM | E1: ='SONDAGEM CLASSE C 322-326'!C4 -> 2100
A2: 0 | B2: 159 | D2: VOLUME | E2: =FORECAST(E1,OFFSET(B2:B100,MATCH(E1,A2:A100,1)-1,0,2),OFFSET(A2:A100,MATCH(E1,A2:A100,1)-1,0,2)) -> 16825
A3: 100 | B3: 923
A4: 200 | B4: 1701
A5: 300 | B5: 2481
A6: 400 | B6: 3263
A7: 500 | B7: 4046
A8: 600 | B8: 4831
A9: 700 | B9: 5618
A10: 800 | B10: 6407
A11: 900 | B11: 7198
A12: 1000 | B12: 7990
A13: 1100 | B13: 8784
A14: 1200 | B14: 9580
... A31: 2824 | B31: 22623

Sheet FO_AFT.P 50
A1: Snding | B1: LITERS | D1: SONDAGEM | E1: ='SONDAGEM CLASSE C 322-326'!C5 -> 2100
A2: 0 | B2: 4 | D2: VOLUME | E2: =FORECAST(E1,OFFSET(B2:B100,MATCH(E1,A2:A100,1)-1,0,2),OFFSET(A2:A100,MATCH(E1,A2:A100,1)-1,0,2)) -> 19353
A3: 100 | B3: 26
A4: 200 | B4: 72
A5: 300 | B5: 151
A6: 400 | B6: 275
A7: 500 | B7: 449
A8: 600 | B8: 692
A9: 700 | B9: 1042
A10: 800 | B10: 1528
A11: 900 | B11: 2190
A12: 1000 | B12: 3037
A13: 1100 | B13: 4069
A14: 1200 | B14: 5265
... A25: 2248 | B25: 21254

Sheet FO_AFT.S 50
A1: Snding | B1: LITERS | D1: SONDAGEM | E1: ='SONDAGEM CLASSE C 322-326'!C6 -> 2000
A2: 0 | B2: 2 | D2: VOLUME | E2: =FORECAST(E1,OFFSET(B2:B100,MATCH(E1,A2:A100,1)-1,0,2),OFFSET(A2:A100,MATCH(E1,A2:A100,1)-1,0,2)) -> 14678
A3: 100 | B3: 18
A4: 200 | B4: 55
A5: 300 | B5: 125
A6: 400 | B6: 236
A7: 500 | B7: 395
A8: 600 | B8: 615
A9: 700 | B9: 899
A10: 800 | B10: 1260
A11: 900 | B11: 1703
A12: 1000 | B12: 2239
A13: 1100 | B13: 2875
A14: 1200 | B14: 3665
... A27: 2427 | B27: 21254

Sheet FODB.P 50
A1: Snding | B1: LITERS | D1: SONDAGEM | E1: ='SONDAGEM CLASSE C 322-326'!C7 -> 2000
A2: 0 | B2: 18 | D2: VOLUME | E2: =FORECAST(E1,OFFSET(B2:B100,MATCH(E1,A2:A100,1)-1,0,2),OFFSET(A2:A100,MATCH(E1,A2:A100,1)-1,0,2)) -> 25604
A3: 100 | B3: 141
A4: 200 | B4: 432
A5: 300 | B5: 918
A6: 400 | B6: 1612
A7: 500 | B7: 2507
A8: 600 | B8: 3590
A9: 700 | B9: 4802
A10: 800 | B10: 6085
A11: 900 | B11: 7417
A12: 1000 | B12: 8795
A13: 1100 | B13: 10213
A14: 1200 | B14: 11665
... A25: 2276 | B25: 30225

Sheet FODB.C 50
A1: Snding | B1: LITERS | D1: SONDAGEM | E1: ='SONDAGEM CLASSE C 322-326'!C8 -> 2000
A2: 0 | B2: 0 | D2: VOLUME | E2: =FORECAST(E1,OFFSET(B2:B100,MATCH(E1,A2:A100,1)-1,0,2),OFFSET(A2:A100,MATCH(E1,A2:A100,1)-1,0,2)) -> 34582
A3: 100 | B3: 109
A4: 200 | B4: 510
A5: 300 | B5: 1231
A6: 400 | B6: 2258
A7: 500 | B7: 3583
A8: 600 | B8: 5108
A9: 700 | B9: 6711
A10: 800 | B10: 8327
A11: 900 | B11: 9953
A12: 1000 | B12: 11692
A13: 1100 | B13: 13578
A14: 1200 | B14: 15621
... A27: 2493 | B27: 44451

Sheet FODB.S 50
A1: Snding | B1: LITERS | D1: SONDAGEM | E1: ='SONDAGEM CLASSE C 322-326'!C9 -> 2000
A2: 0 | B2: 42 | D2: VOLUME | E2: =FORECAST(E1,OFFSET(B2:B100,MATCH(E1,A2:A100,1)-1,0,2),OFFSET(A2:A100,MATCH(E1,A2:A100,1)-1,0,2)) -> 29734
A3: 100 | B3: 213
A4: 200 | B4: 566
A5: 300 | B5: 1129
A6: 400 | B6: 1917
A7: 500 | B7: 2930
A8: 600 | B8: 4150
A9: 700 | B9: 5514
A10: 800 | B10: 6978
A11: 900 | B11: 8520
A12: 1000 | B12: 10124
A13: 1100 | B13: 11778
A14: 1200 | B14: 13474
... A25: 2276 | B25: 34110
